genre,reference_titles,reference_successes,reference_success_rate
(no genres listed),29,0,0.03456718220841692
Action,371,148,0.3967427771145909
Adventure,223,83,0.3691898429609043
Animation,107,27,0.2515650374561266
Children,114,43,0.3712208755889595
Comedy,843,235,0.27850858985269594
Crime,275,91,0.3291974435538792
Documentary,270,8,0.033364669800313364
Drama,1284,306,0.23830510798687835
Fantasy,131,46,0.3468770896697513
Film-Noir,35,6,0.1793821048771544
Horror,269,70,0.25976381093097145
IMAX,17,12,0.5988765543220989
Musical,103,25,0.2423637425470942
Mystery,142,41,0.2869066952046679
Romance,400,112,0.2794451461607066
Sci-Fi,171,67,0.3873595692902624
Thriller,399,151,0.3766714955323915
War,114,29,0.25357381676543006
Western,77,17,0.22164980725714847
