epoch,train_loss,tuning_ap
1,1.0657848119735718,0.3038079807089411
2,1.0443836450576782,0.327708169933629
3,1.0172501802444458,0.348701479699668
4,1.0206981897354126,0.3637160218942538
5,1.0180929899215698,0.3726541489995139
6,0.9985278248786926,0.3811653288716149
7,0.9919489026069641,0.38574689900589787
8,1.0010015964508057,0.3887774826740722
9,0.9892531633377075,0.39079286887705256
10,0.9752417206764221,0.3935590381256497
11,0.9775702953338623,0.3958459214749602
12,0.9816564917564392,0.39863523404028484
13,0.9702045321464539,0.3983101825471708
14,0.9797277450561523,0.3994320277231041
15,0.9702692627906799,0.4018436301163555
16,0.9744753241539001,0.4030164251051812
17,0.9709508419036865,0.4033964108118128
18,0.9599134922027588,0.40474741721775276
19,0.9600157141685486,0.40542555477997316
20,0.9592757821083069,0.40529002977731465
21,0.9561048150062561,0.407659029166097
22,0.951461136341095,0.4085350670716754
23,0.9607938528060913,0.4107251107371696
24,0.950383722782135,0.41174660408204267
25,0.9499028325080872,0.4126113483397802
26,0.9577617049217224,0.4142285837901205
27,0.9494408965110779,0.4159700301616085
28,0.9423924684524536,0.41856999539085427
29,0.9427272081375122,0.42015457288124625
30,0.9477373361587524,0.42185654234451575
31,0.9438093304634094,0.42350464623602413
32,0.949357271194458,0.4242862255165365
33,0.9419530630111694,0.42586111964048917
34,0.9393433928489685,0.42707448253359515
35,0.9459176659584045,0.4283367256446854
36,0.9366926550865173,0.4298824587365489
37,0.9427071213722229,0.43068031933868345
38,0.9325897097587585,0.4309049443344639
39,0.9349900484085083,0.4316206067509826
40,0.9278972744941711,0.43236193504935155
41,0.9329497218132019,0.4326676831810599
42,0.9298517107963562,0.4332261574932096
43,0.9255746006965637,0.43315866030911626
44,0.9282144904136658,0.43360499214858916
45,0.9332919120788574,0.4344447376170606
46,0.927422046661377,0.43471482412326534
47,0.928490936756134,0.4342902780101324
48,0.9274870157241821,0.4360885180693034
49,0.928055465221405,0.43623439666052677
50,0.9250189661979675,0.4348776475760662
51,0.9248907566070557,0.4354745413973371
52,0.9201011061668396,0.4361496189159098
53,0.9225025177001953,0.4367938601741027
54,0.9218226671218872,0.4369957700050049
55,0.9269616603851318,0.43738267060752445
56,0.916883647441864,0.43772395088875415
57,0.9206767678260803,0.43785436278088563
58,0.9267539381980896,0.4378462681977726
59,0.9201560616493225,0.43708498209555324
60,0.9193768501281738,0.43881873869773436
61,0.9138157367706299,0.4390639997795991
62,0.9196752905845642,0.4389223006235778
63,0.9183639287948608,0.43885595008277034
64,0.9130182862281799,0.4387920985631972
65,0.9218632578849792,0.4366046830273349
66,0.9133409261703491,0.4367405847969769
67,0.9128525257110596,0.4367844899174397
68,0.9129370450973511,0.4375408463382685
69,0.9136829376220703,0.4391698285792305
70,0.910444438457489,0.4395498157359408
71,0.9147042632102966,0.44012288758614515
72,0.9135105609893799,0.44074129993328076
73,0.9114753007888794,0.4408078474430691
74,0.9121413230895996,0.44144957712390287
75,0.9124035239219666,0.44215376277866786
76,0.911827802658081,0.4427949956319018
77,0.9070232510566711,0.4432277560068341
78,0.909776508808136,0.4433719635109997
79,0.9141920208930969,0.4436349876066716
80,0.9109582901000977,0.44376771499891965
81,0.9125089645385742,0.44426740050450175
82,0.9101812839508057,0.4448147970372413
83,0.9110298752784729,0.44579448500577423
84,0.9080749750137329,0.4454002339902335
85,0.9102970361709595,0.44564460064878675
86,0.9067954421043396,0.44539999909989825
87,0.9049800038337708,0.4449147772082721
88,0.9087314009666443,0.44464706660967857
89,0.9111634492874146,0.4453005004896805
90,0.9092960953712463,0.44569682646722264
91,0.9040371775627136,0.44579678887907676
92,0.9029102325439453,0.4465809804199767
93,0.9038988947868347,0.4470272805764387
94,0.9054575562477112,0.44764807793483996
95,0.9075173139572144,0.4477744487892072
96,0.9030469059944153,0.44832866024878093
97,0.9057436585426331,0.44879825234353565
98,0.9053194522857666,0.4493055147157142
99,0.9065157771110535,0.44932500575764034
100,0.9056957364082336,0.44922538678887175
101,0.9018200039863586,0.4491581039102501
102,0.9090529680252075,0.44937262380638504
103,0.9033763408660889,0.44942367576368003
104,0.9039992094039917,0.44999714713223626
105,0.8991079926490784,0.45009840479178403
106,0.9044108986854553,0.4505144736890018
107,0.902237594127655,0.45087898692434714
108,0.9000164270401001,0.4510827770831308
109,0.9039874076843262,0.4508751484827287
110,0.9031645059585571,0.45180012925768354
111,0.8996637463569641,0.45225454265123183
112,0.9062656760215759,0.45252302375387315
113,0.9002685546875,0.4522222503152817
114,0.9011193513870239,0.45174586331781835
115,0.8993356823921204,0.45153409702400765
116,0.9024326205253601,0.4525322550226254
117,0.903364896774292,0.4524474541901617
118,0.9025782346725464,0.4526503512099995
119,0.8994882702827454,0.452778087687061
120,0.8999887704849243,0.4527768871206201
