movieId,title_id,canonical_title,target,rgcn_probability
38,STAD-MOV-000038,It Takes Two,1,0.5828907324562316
116,STAD-MOV-000116,Anne Frank Remembered,1,0.09527472375676733
138,STAD-MOV-000138,"Neon Bible, The",0,0.3245403562070187
147,STAD-MOV-000147,"Basketball Diaries, The",1,0.3245403562070187
183,STAD-MOV-000183,Mute Witness,1,0.5087642838214154
205,STAD-MOV-000205,Unstrung Heroes,1,0.4465891410586562
213,STAD-MOV-000213,Burnt by the Sun (Utomlyonnye solntsem),1,0.3311245706614244
218,STAD-MOV-000218,Boys on the Side,1,0.4465891410586562
220,STAD-MOV-000220,Castle Freak,1,0.25943329762656175
236,STAD-MOV-000236,French Kiss,1,0.514861233832236
237,STAD-MOV-000237,Forget Paris,1,0.5570622860271284
252,STAD-MOV-000252,I.Q.,1,0.5537703181380635
253,STAD-MOV-000253,Interview with the Vampire: The Vampire Chronicles,1,0.3375825358503777
262,STAD-MOV-000262,"Little Princess, A",1,0.5166648845066648
281,STAD-MOV-000281,Nobody's Fool,1,0.524927347659937
284,STAD-MOV-000284,New York Cop (Nyû Yôku no koppu),0,0.4571615161539501
287,STAD-MOV-000287,Nina Takes a Lover,0,0.5537703181380635
325,STAD-MOV-000325,National Lampoon's Senior Trip,1,0.41045779346411915
355,STAD-MOV-000355,"Flintstones, The",1,0.6530472943672273
420,STAD-MOV-000420,Beverly Hills Cop III,1,0.6293392081410072
431,STAD-MOV-000431,Carlito's Way,1,0.44459634029525225
449,STAD-MOV-000449,Fear of a Black Hat,1,0.41167547456119746
499,STAD-MOV-000499,Mr. Wonderful,1,0.5498494129388644
505,STAD-MOV-000505,North,1,0.41167547456119746
531,STAD-MOV-000531,"Secret Garden, The",1,0.5290860327056481
560,STAD-MOV-000560,"Beans of Egypt, Maine, The",0,0.3311245706614244
608,STAD-MOV-000608,Fargo,1,0.5897058755356669
681,STAD-MOV-000681,Coup de torchon (Clean Slate),1,0.31916410146624513
690,STAD-MOV-000690,"Promise, The (Versprechen, Das)",0,0.45585830737952127
726,STAD-MOV-000726,Last Dance,1,0.315389830131933
770,STAD-MOV-000770,Costa Brava,0,0.0238021489794895
828,STAD-MOV-000828,"Adventures of Pinocchio, The",1,0.6257076939801237
831,STAD-MOV-000831,Stonewall,0,0.3245403562070187
844,STAD-MOV-000844,"Story of Xinghua, The (Xinghua san yue tian)",0,0.3311245706614244
850,STAD-MOV-000850,Cyclo (Xich lo),1,0.4348458945517951
860,STAD-MOV-000860,"Maybe, Maybe Not (Bewegte Mann, Der)",0,0.41167547456119746
865,STAD-MOV-000865,Small Faces,0,0.315389830131933
866,STAD-MOV-000866,Bound,1,0.5965241035304927
894,STAD-MOV-000894,Liebelei,0,0.05725408689658909
920,STAD-MOV-000920,Gone with the Wind,1,0.12620158436752432
924,STAD-MOV-000924,2001: A Space Odyssey,1,0.42381671994823317
932,STAD-MOV-000932,"Affair to Remember, An",1,0.14036278061483082
944,STAD-MOV-000944,Lost Horizon,1,0.06848206584490539
947,STAD-MOV-000947,My Man Godfrey,1,0.08593855404505174
954,STAD-MOV-000954,Mr. Smith Goes to Washington,1,0.07148961685727616
994,STAD-MOV-000994,Big Night,1,0.4434618541892972
1009,STAD-MOV-001009,Escape to Witch Mountain,1,0.5143133365118844
1015,STAD-MOV-001015,Homeward Bound: The Incredible Journey,1,0.7155078259777993
1027,STAD-MOV-001027,Robin Hood: Prince of Thieves,1,0.5372409131630999
1040,STAD-MOV-001040,"Secret Agent, The",0,0.315389830131933
1041,STAD-MOV-001041,Secrets & Lies,1,0.315389830131933
1091,STAD-MOV-001091,Weekend at Bernie's,1,0.33601664357847916
1093,STAD-MOV-001093,"Doors, The",1,0.34337101127390574
1127,STAD-MOV-001127,"Abyss, The",1,0.7923620168876221
1134,STAD-MOV-001134,Johnny 100 Pesos (Johnny cien pesos),0,0.43290471966916355
1136,STAD-MOV-001136,Monty Python and the Holy Grail,1,0.3315732065472533
1142,STAD-MOV-001142,Get Over It,0,0.04964544054489228
1161,STAD-MOV-001161,"Tin Drum, The (Blechtrommel, Die)",1,0.23610228609240774
1170,STAD-MOV-001170,Best of the Best 3: No Turning Back,0,0.32837206106327943
1186,STAD-MOV-001186,"Sex, Lies, and Videotape",1,0.2791624214754453
1213,STAD-MOV-001213,Goodfellas,1,0.4556813563692379
1231,STAD-MOV-001231,"Right Stuff, The",1,0.2895852172789058
1235,STAD-MOV-001235,Harold and Maude,1,0.2981671302892715
1277,STAD-MOV-001277,Cyrano de Bergerac,1,0.5180511530521644
1289,STAD-MOV-001289,Koyaanisqatsi (a.k.a. Koyaanisqatsi: Life Out of Balance),1,0.10323480947850744
1316,STAD-MOV-001316,Anna,0,0.04964544054489228
1358,STAD-MOV-001358,Sling Blade,1,0.315389830131933
1382,STAD-MOV-001382,Marked for Death,1,0.4237681692952582
1387,STAD-MOV-001387,Jaws,1,0.13591994089956452
1412,STAD-MOV-001412,Some Mother's Son,1,0.315389830131933
1438,STAD-MOV-001438,Dante's Peak,1,0.5535789254263074
1485,STAD-MOV-001485,Liar Liar,1,0.40201187653917064
1515,STAD-MOV-001515,Volcano,1,0.5787229479465966
1532,STAD-MOV-001532,Sprung,0,0.40201187653917064
1547,STAD-MOV-001547,Shiloh,0,0.5019491364902323
1612,STAD-MOV-001612,"Kiss Me, Guido",0,0.40201187653917064
1619,STAD-MOV-001619,Seven Years in Tibet,1,0.5847834721195868
1641,STAD-MOV-001641,"Full Monty, The",1,0.43941444594599993
1649,STAD-MOV-001649,"Fast, Cheap & Out of Control",1,0.08865049224522513
1680,STAD-MOV-001680,Sliding Doors,1,0.4373265934917799
1708,STAD-MOV-001708,Ill Gotten Gains,0,0.30634716366187337
1732,STAD-MOV-001732,"Big Lebowski, The",1,0.4927406483097392
1733,STAD-MOV-001733,Afterglow,1,0.44386717903820255
1777,STAD-MOV-001777,"Wedding Singer, The",1,0.556208644139965
1784,STAD-MOV-001784,As Good as It Gets,1,0.5238926454902054
1805,STAD-MOV-001805,Wild Things,1,0.5763780798959158
1811,STAD-MOV-001811,"Niagara, Niagara",0,0.30634716366187337
1848,STAD-MOV-001848,"Borrowers, The",1,0.7956039392404182
1876,STAD-MOV-001876,Deep Impact,1,0.6956918416963708
1900,STAD-MOV-001900,"Children of Heaven, The (Bacheha-Ye Aseman)",1,0.43941444594599993
1957,STAD-MOV-001957,Chariots of Fire,1,0.29092776920336466
1959,STAD-MOV-001959,Out of Africa,1,0.39073272652536234
1964,STAD-MOV-001964,Klute,1,0.20906873409204935
2011,STAD-MOV-002011,Back to the Future Part II,1,0.6426035094067196
2053,STAD-MOV-002053,"Honey, I Blew Up the Kid",1,0.7445191400080072
2071,STAD-MOV-002071,And the Band Played On,1,0.3357849472536161
2072,STAD-MOV-002072,"'burbs, The",1,0.33601664357847916
2081,STAD-MOV-002081,"Little Mermaid, The",1,0.6095937299642403
2107,STAD-MOV-002107,Halloween H20: 20 Years Later (Halloween 7: The Revenge of Laurie Strode),1,0.4141715143010735
2116,STAD-MOV-002116,"Lord of the Rings, The",1,0.49735421740355745
2136,STAD-MOV-002136,"Nutty Professor, The",1,0.21566122368953233
2160,STAD-MOV-002160,Rosemary's Baby,1,0.23729190851669504
2163,STAD-MOV-002163,Attack of the Killer Tomatoes!,1,0.1868059147856529
2181,STAD-MOV-002181,Marnie,1,0.30949508033709155
2196,STAD-MOV-002196,Knock Off,1,0.33418642986208064
2239,STAD-MOV-002239,Swept Away (Travolti da un insolito destino nell'azzurro mare d'Agosto),1,0.2597831087768025
2241,STAD-MOV-002241,Class,1,0.31468530259822786
2262,STAD-MOV-002262,About Last Night...,1,0.4295020472654295
2272,STAD-MOV-002272,One True Thing,1,0.2974510992887975
2276,STAD-MOV-002276,"Soldier's Daughter Never Cries, A",1,0.2974510992887975
2321,STAD-MOV-002321,Pleasantville,1,0.456520818589032
2388,STAD-MOV-002388,Steam: The Turkish Bath (Hamam),0,0.44386717903820255
2395,STAD-MOV-002395,Rushmore,1,0.43398318532884983
2397,STAD-MOV-002397,Mass Appeal,0,0.2884729625423992
2421,STAD-MOV-002421,"Karate Kid, Part II, The",1,0.487860957852133
2425,STAD-MOV-002425,"General, The",1,0.3940390697748703
2435,STAD-MOV-002435,Hurlyburly,1,0.2974510992887975
2455,STAD-MOV-002455,"Fly, The",1,0.5789759949657872
2509,STAD-MOV-002509,Eight Days a Week,0,0.40201187653917064
2548,STAD-MOV-002548,"Rage: Carrie 2, The",1,0.24064653480808784
2551,STAD-MOV-002551,Dead Ringers,1,0.40985915566045433
2580,STAD-MOV-002580,Go,1,0.4866807464649261
2597,STAD-MOV-002597,Lost & Found,1,0.5485901861006863
2604,STAD-MOV-002604,Let it Come Down: The Life of Paul Bowles,0,0.08549664436747444
2647,STAD-MOV-002647,House of Frankenstein,0,0.0560564272454556
2669,STAD-MOV-002669,Pork Chop Hill,1,0.09805426865964369
2681,STAD-MOV-002681,Free Enterprise,0,0.6251036154592025
2687,STAD-MOV-002687,Tarzan,1,0.679951489905615
2688,STAD-MOV-002688,"General's Daughter, The",1,0.5708571134413165
2714,STAD-MOV-002714,"Wood, The",1,0.2885854696266272
2719,STAD-MOV-002719,"Haunting, The",1,0.4067299838617014
2785,STAD-MOV-002785,Tales of Terror,0,0.08034564323211418
2797,STAD-MOV-002797,Big,1,0.41132458501368907
2802,STAD-MOV-002802,Tequila Sunrise,1,0.52957527236601
2828,STAD-MOV-002828,Dudley Do-Right,1,0.5556339921041026
2833,STAD-MOV-002833,Lucie Aubrac,0,0.4115602170231355
2847,STAD-MOV-002847,Only Angels Have Wings,1,0.15745093981888106
2848,STAD-MOV-002848,"Othello (Tragedy of Othello: The Moor of Venice, The)",1,0.10328596375827574
2860,STAD-MOV-002860,Blue Streak,1,0.3882912067630357
2877,STAD-MOV-002877,Tommy,1,0.2718668653398727
2882,STAD-MOV-002882,Jakob the Liar,1,0.2885854696266272
2907,STAD-MOV-002907,Superstar,1,0.3882912067630357
2912,STAD-MOV-002912,"Limey, The",1,0.5406348789103121
2927,STAD-MOV-002927,Brief Encounter,1,0.1264360164074139
2960,STAD-MOV-002960,Beefcake,0,0.2885854696266272
2973,STAD-MOV-002973,Crimes and Misdemeanors,1,0.3992250967762923
3003,STAD-MOV-003003,Train of Life (Train de vie),0,0.5082951081449729
3011,STAD-MOV-003011,"They Shoot Horses, Don't They?",1,0.15437402264784325
3056,STAD-MOV-003056,Oxygen,0,0.5406348789103121
3066,STAD-MOV-003066,Tora! Tora! Tora!,1,0.28949686508379435
3107,STAD-MOV-003107,Backdraft,1,0.42692340209777313
3108,STAD-MOV-003108,"Fisher King, The",1,0.4974872910578808
3116,STAD-MOV-003116,Miss Julie,0,0.2885854696266272
3136,STAD-MOV-003136,"James Dean Story, The",0,0.04641300459694025
3159,STAD-MOV-003159,Fantasia 2000,1,0.8225549244266993
3198,STAD-MOV-003198,Papillon,1,0.27233919525966754
3210,STAD-MOV-003210,Fast Times at Ridgemont High,1,0.42072238954924795
3217,STAD-MOV-003217,"Star Is Born, A",1,0.06848206584490539
3277,STAD-MOV-003277,Beloved/Friend (a.k.a. Amigo/Amado) (Amic/Amat),0,0.2885854696266272
3299,STAD-MOV-003299,Hanging Up,1,0.2906756273034012
3368,STAD-MOV-003368,"Big Country, The",1,0.07916248811511023
3388,STAD-MOV-003388,Harry and the Hendersons,1,0.504100833224343
3391,STAD-MOV-003391,Who's That Girl?,1,0.3332331661604858
3404,STAD-MOV-003404,Titanic,1,0.09818432301259675
3453,STAD-MOV-003453,Here on Earth,1,0.28972072347916134
3471,STAD-MOV-003471,Close Encounters of the Third Kind,1,0.5293149233857295
3485,STAD-MOV-003485,Autopsy (Macchie Solari),0,0.1307734366821572
3517,STAD-MOV-003517,"Bells, The",0,0.05520288931164406
3521,STAD-MOV-003521,Mystery Train,1,0.37850908830158253
3543,STAD-MOV-003543,Diner,1,0.3620570930682685
3567,STAD-MOV-003567,Bossa Nova,0,0.37429277880189094
3574,STAD-MOV-003574,Carnosaur 3: Primal Species,0,0.40134833556823146
3636,STAD-MOV-003636,Those Who Love Me Can Take the Train (Ceux qui m'aiment prendront le train),0,0.2974510992887975
3669,STAD-MOV-003669,Stay Tuned,1,0.41282745751201244
3692,STAD-MOV-003692,Class of Nuke 'Em High,0,0.27542391891268564
3693,STAD-MOV-003693,"Toxic Avenger, The",1,0.272645317854439
3698,STAD-MOV-003698,"Running Man, The",1,0.38703311262814827
3732,STAD-MOV-003732,"Fury, The",1,0.1379023031436723
3765,STAD-MOV-003765,"Hot Spot, The",1,0.49764067378122195
3797,STAD-MOV-003797,"In Crowd, The",0,0.28508305660106015
3809,STAD-MOV-003809,What About Bob?,1,0.41316022048752615
3819,STAD-MOV-003819,Tampopo,1,0.3248245539072408
3849,STAD-MOV-003849,"Spiral Staircase, The",0,0.15649069387861608
3896,STAD-MOV-003896,"Way of the Gun, The",1,0.38715525721454996
3937,STAD-MOV-003937,Runaway,1,0.5855328659164274
3979,STAD-MOV-003979,Little Nicky,1,0.25606274265683865
4002,STAD-MOV-004002,"Planes, Trains & Automobiles",1,0.3332331661604858
4076,STAD-MOV-004076,Two Ninas,0,0.5485901861006863
4093,STAD-MOV-004093,Cop,0,0.38091792536922864
4130,STAD-MOV-004130,Maid to Order,1,0.29616000743820914
4217,STAD-MOV-004217,4 Little Girls,0,0.08865049224522513
4224,STAD-MOV-004224,Exit Wounds,1,0.40035285200036524
4269,STAD-MOV-004269,Rat,0,0.37429277880189094
4285,STAD-MOV-004285,Frankie and Johnny,1,0.5393468284221488
4308,STAD-MOV-004308,Moulin Rouge,1,0.26175575327275563
4326,STAD-MOV-004326,Mississippi Burning,1,0.4981607580564384
4349,STAD-MOV-004349,Catch-22,1,0.2346788655414721
4352,STAD-MOV-004352,Shag,0,0.37850908830158253
4376,STAD-MOV-004376,Down From the Mountain,0,0.046171517178660734
4398,STAD-MOV-004398,Speed Zone! (a.k.a. Cannonball Run III),1,0.3426328081954398
4426,STAD-MOV-004426,Kiss Me Deadly,1,0.10596463296994665
4449,STAD-MOV-004449,Adanggaman,0,0.178840076445053
4461,STAD-MOV-004461,Siegfried & Roy: The Magic Box,0,0.47119629513509104
4463,STAD-MOV-004463,1969,0,0.30126984357262254
4468,STAD-MOV-004468,Apartment Zero,0,0.4523636805950947
4533,STAD-MOV-004533,"Return of the Living Dead, The",1,0.4089891297844658
4561,STAD-MOV-004561,Waxwork,1,0.28017924145761325
4638,STAD-MOV-004638,Jurassic Park III,1,0.7627572462351782
4661,STAD-MOV-004661,Sea of Love,1,0.4974340450009237
4665,STAD-MOV-004665,Shocker,1,0.21562945352404855
4669,STAD-MOV-004669,Stepfather II,0,0.3698745171466131
4692,STAD-MOV-004692,"Hotel New Hampshire, The",1,0.2884729625423992
4700,STAD-MOV-004700,"Princess Diaries, The",1,0.4961960144916437
4708,STAD-MOV-004708,Marat/Sade,0,0.2221394205522265
4743,STAD-MOV-004743,Tortilla Soup,1,0.38566417212701026
4753,STAD-MOV-004753,Vamp,0,0.27542391891268564
4755,STAD-MOV-004755,Wish Upon a Star,0,0.4073064117475714
4761,STAD-MOV-004761,Diamond Men,0,0.1725974579662978
4797,STAD-MOV-004797,"Hole in the Head, A",0,0.18896121861298346
4809,STAD-MOV-004809,Silkwood,1,0.2895852172789058
4815,STAD-MOV-004815,Hearts in Atlantis,1,0.1725974579662978
4831,STAD-MOV-004831,Can't Stop the Music,0,0.40523469149014785
4838,STAD-MOV-004838,D.O.A.,0,0.10974841904072193
4849,STAD-MOV-004849,My First Mister,1,0.28368012139979404
4868,STAD-MOV-004868,Bangkok Dangerous,0,0.3960609316321173
4904,STAD-MOV-004904,"Way We Laughed, The (Così Ridevano)",0,0.2974510992887975
4919,STAD-MOV-004919,Subway,1,0.5354362453291285
4954,STAD-MOV-004954,Ocean's Eleven (a.k.a. Ocean's 11),1,0.18465397158362234
4955,STAD-MOV-004955,"Sicilian, The",0,0.3809823312167096
4960,STAD-MOV-004960,"Independent, The",0,0.25606274265683865
4984,STAD-MOV-004984,Morgan!,0,0.16548801007728886
5005,STAD-MOV-005005,Separate Tables,0,0.11568785857905489
5038,STAD-MOV-005038,"Flight of Dragons, The",1,0.696411947144115
5042,STAD-MOV-005042,Forbidden Zone,0,0.45263150051244844
5046,STAD-MOV-005046,Impostor,1,0.6101491053345403
5060,STAD-MOV-005060,M*A*S*H (a.k.a. MASH),1,0.283619230292044
5082,STAD-MOV-005082,"Rumor of Angels, A",0,0.178840076445053
5097,STAD-MOV-005097,Bright Eyes,0,0.08238509700238113
5137,STAD-MOV-005137,Scratch,0,0.04445519233289936
5145,STAD-MOV-005145,Loves of a Blonde (Lásky jedné plavovlásky),0,0.22139959907996784
5167,STAD-MOV-005167,My Favorite Brunette,0,0.10330948851898546
5175,STAD-MOV-005175,Hidden Agenda,0,0.5287649119383895
5176,STAD-MOV-005176,Luminarias,0,0.04828228680584361
5214,STAD-MOV-005214,"Oh, God!",1,0.18651668130382468
5218,STAD-MOV-005218,Ice Age,1,0.566265618880744
5222,STAD-MOV-005222,Kissing Jessica Stein,1,0.38566417212701026
5247,STAD-MOV-005247,Smokey and the Bandit,1,0.2132644205759322
5263,STAD-MOV-005263,Strait-Jacket,0,0.18640290699538642
5276,STAD-MOV-005276,Crimes of Passion,0,0.5109917913497799
5282,STAD-MOV-005282,High Crimes,1,0.2754286903928056
5337,STAD-MOV-005337,Delirious,1,0.41316022048752615
5351,STAD-MOV-005351,Warm Water Under a Red Bridge (Akai hashi no shita no nurui mizu),0,0.28368012139979404
5358,STAD-MOV-005358,Mountains of the Moon,0,0.40627602770734755
5372,STAD-MOV-005372,Calamity Jane,1,0.10774440793144625
5374,STAD-MOV-005374,Devil Doll,0,0.08333184882150628
5415,STAD-MOV-005415,Divine Secrets of the Ya-Ya Sisterhood,1,0.2762017010569852
5418,STAD-MOV-005418,"Bourne Identity, The",1,0.4350918767873448
5421,STAD-MOV-005421,"Dangerous Lives of Altar Boys, The",1,0.16652856387141962
5444,STAD-MOV-005444,Lilo & Stitch,1,0.6936498781928534
5490,STAD-MOV-005490,The Big Bus,0,0.20912116897648295
5503,STAD-MOV-005503,"Last Kiss, The (Ultimo bacio, L')",0,0.3694297880212181
5522,STAD-MOV-005522,Rollerball,1,0.34814740693785856
5539,STAD-MOV-005539,Care Bears Movie II: A New Generation,0,0.2769417362697332
5570,STAD-MOV-005570,Thesis (Tesis),1,0.4754174002307754
5589,STAD-MOV-005589,Indian Summer,1,0.45246704585037956
5591,STAD-MOV-005591,Monkey Trouble,0,0.5857342419585319
5601,STAD-MOV-005601,"Yearling, The",0,0.22895975878739394
5623,STAD-MOV-005623,Crazy as Hell,0,0.16652856387141962
5627,STAD-MOV-005627,Skins,0,0.2691749290111265
5648,STAD-MOV-005648,Ernest in the Army,0,0.39539551104868104
5671,STAD-MOV-005671,"On Guard (Bossu, Le)",0,0.5187213583958754
5694,STAD-MOV-005694,Staying Alive,1,0.41343351077138096
5697,STAD-MOV-005697,Terror Train,0,0.19334829212830026
5716,STAD-MOV-005716,Butterfly,0,0.29037117005487156
5770,STAD-MOV-005770,Ms. 45 (a.k.a. Angel of Vengeance),0,0.37627663988884513
5831,STAD-MOV-005831,Soul Assassin,0,0.49323153037123746
5868,STAD-MOV-005868,This Is Elvis,0,0.2752908864393271
5870,STAD-MOV-005870,Revolution #9,0,0.28057072146521
5875,STAD-MOV-005875,Personal Velocity,0,0.16652856387141962
5885,STAD-MOV-005885,"What to Do in Case of Fire (Was tun, wenn's brennt?)",0,0.2762017010569852
5909,STAD-MOV-005909,Visitor Q (Bizita Q),1,0.23692632374732797
5913,STAD-MOV-005913,Warning for the Joensson Gang (Varning för Jönssonligan),0,0.3925949741000233
5931,STAD-MOV-005931,Britannia Hospital,0,0.3620570930682685
5935,STAD-MOV-005935,Class of 1984,0,0.4786242996856035
5987,STAD-MOV-005987,"Love, Honour and Obey",0,0.31955179948740103
5999,STAD-MOV-005999,Heavy Metal 2000,1,0.5935363153093925
6062,STAD-MOV-006062,Lost in La Mancha,1,0.04279981068711556
6066,STAD-MOV-006066,Murder by Decree,0,0.3450157279654756
6076,STAD-MOV-006076,Enigma,0,0.4344317334789976
6106,STAD-MOV-006106,Mother Lode,0,0.32246093116926955
6111,STAD-MOV-006111,Paradise,0,0.41959588166008777
6135,STAD-MOV-006135,Still of the Night,0,0.4357531782253455
6154,STAD-MOV-006154,Deliver Us from Eva,0,0.3647465113258958
6188,STAD-MOV-006188,Old School,1,0.23526711559759234
6200,STAD-MOV-006200,Insignificance,0,0.36964691061725896
6273,STAD-MOV-006273,In a Lonely Place,1,0.11670623088726288
6354,STAD-MOV-006354,"Carpetbaggers, The",0,0.14198217071048694
6382,STAD-MOV-006382,Together (Han ni Zai Yiki),0,0.16652856387141962
6386,STAD-MOV-006386,Nevada Smith,0,0.0637379165922598
6396,STAD-MOV-006396,Dementia 13,0,0.1834278760274271
6397,STAD-MOV-006397,"Bizarre, Bizarre (Drôle de drame ou L'étrange aventure de Docteur Molyneux)",0,0.060656360870546
6427,STAD-MOV-006427,"Railway Children, The",0,0.3625734513708314
6503,STAD-MOV-006503,Charlie's Angels: Full Throttle,1,0.6438685831877659
6523,STAD-MOV-006523,Mr. Baseball,1,0.5449061306569353
6527,STAD-MOV-006527,Scaramouche,0,0.14668912762933056
6549,STAD-MOV-006549,How to Deal,0,0.35857508485109985
6566,STAD-MOV-006566,Spy Kids 3-D: Game Over,1,0.6102588675324205
6628,STAD-MOV-006628,Hot Dog... The Movie,0,0.32000748480020624
6631,STAD-MOV-006631,Man's Best Friend,0,0.6397597557551532
6645,STAD-MOV-006645,THX 1138,1,0.509962881660312
6646,STAD-MOV-006646,Valley of the Dolls,0,0.1493143830908056
6712,STAD-MOV-006712,Luster,0,0.36455403758872307
6746,STAD-MOV-006746,Squirm,0,0.18803747716092037
6777,STAD-MOV-006777,Judgment at Nuremberg,1,0.13495289385900366
6780,STAD-MOV-006780,"Brief History of Time, A",1,0.10940045940987633
6781,STAD-MOV-006781,"Jacob the Liar (Jakob, der Lügner)",0,0.2127818473389933
6786,STAD-MOV-006786,Kiss of the Spider Woman,1,0.2871348476932254
6863,STAD-MOV-006863,School of Rock,1,0.21207139021409968
6872,STAD-MOV-006872,"House of the Dead, The",1,0.21321471711097464
6888,STAD-MOV-006888,Scary Movie 3,1,0.2000916935560551
6897,STAD-MOV-006897,Unconditional Love,0,0.2762017010569852
6909,STAD-MOV-006909,"Eye, The (Gin gwai) (Jian gui)",1,0.2754286903928056
6931,STAD-MOV-006931,Mail Order Bride,0,0.23526711559759234
6938,STAD-MOV-006938,Billabong Odyssey,0,0.041203402155547866
7026,STAD-MOV-007026,Summer School,1,0.3332331661604858
7067,STAD-MOV-007067,Juliet of the Spirits (Giulietta degli spiriti),1,0.19324632224056484
7069,STAD-MOV-007069,"Macbeth (a.k.a. Tragedy of Macbeth, The)",1,0.20109900132015207
7070,STAD-MOV-007070,Red River,1,0.12780737744000248
7080,STAD-MOV-007080,42nd Street,1,0.1381885882964084
7118,STAD-MOV-007118,Wings of Honneamise (Ôritsu uchûgun Oneamisu no tsubasa),1,0.5096238635564722
7131,STAD-MOV-007131,"Summer Place, A",0,0.11771283095517211
7145,STAD-MOV-007145,Prisoner of Paradise,0,0.006834896689075571
7169,STAD-MOV-007169,Chasing Liberty,1,0.3544707346861996
7179,STAD-MOV-007179,Wuthering Heights,1,0.4669883363127619
7180,STAD-MOV-007180,Odds Against Tomorrow,0,0.2772489799277448
7185,STAD-MOV-007185,Real Men,0,0.45507709787163725
7210,STAD-MOV-007210,My Darling Clementine,1,0.0428670469970047
7221,STAD-MOV-007221,Platinum Blonde,0,0.07689589768705761
7246,STAD-MOV-007246,"Violent Years, The",0,0.11156959234598106
7263,STAD-MOV-007263,Miracle,1,0.1549047066951824
7308,STAD-MOV-007308,King Solomon's Mines,1,0.4635458794589381
7324,STAD-MOV-007324,Hidalgo,1,0.3263435333300731
7330,STAD-MOV-007330,Tokyo Joe,0,0.21908429981731753
7369,STAD-MOV-007369,Scooby-Doo 2: Monsters Unleashed,1,0.668183090741556
7380,STAD-MOV-007380,Ella Enchanted,1,0.3756960850161188
7397,STAD-MOV-007397,"Baby, the Rain Must Fall",0,0.14439225832465258
7406,STAD-MOV-007406,"Flying Deuces, The",0,0.0633721699899489
7440,STAD-MOV-007440,Paper Clips,0,0.03966408143270283
7448,STAD-MOV-007448,Envy,1,0.2275897404557689
7449,STAD-MOV-007449,Godsend,1,0.27475051555919416
7454,STAD-MOV-007454,Van Helsing,1,0.42137044184370576
7490,STAD-MOV-007490,At First Sight (Entre Nous) (Coup de foudre),0,0.2895852172789058
7566,STAD-MOV-007566,28 Up,1,0.09834234292776649
7567,STAD-MOV-007567,Chance,0,0.2762017010569852
7613,STAD-MOV-007613,White Palace,0,0.3463599431178492
7636,STAD-MOV-007636,Raising Cain,0,0.4424054363503794
7637,STAD-MOV-007637,Irma Vep,0,0.4434618541892972
7669,STAD-MOV-007669,Pride and Prejudice,1,0.08366449194088187
7702,STAD-MOV-007702,"Bells of St. Mary's, The",0,0.10038187826187775
7705,STAD-MOV-007705,Pat and Mike,0,0.13323928393820603
7719,STAD-MOV-007719,"Comedy of Terrors, The",0,0.11640539152059783
7767,STAD-MOV-007767,"Best of Youth, The (La meglio gioventù)",1,0.16063162761148825
7824,STAD-MOV-007824,Second Skin (Segunda Piel),0,0.42942573669711387
7831,STAD-MOV-007831,Another Thin Man,1,0.13624229701375737
7843,STAD-MOV-007843,Lammbock,0,0.2491290201616453
7872,STAD-MOV-007872,Getting It Right,0,0.37850908830158253
7889,STAD-MOV-007889,Pat Garrett and Billy the Kid,1,0.09202131231963785
7915,STAD-MOV-007915,Samurai Fiction (SF: Episode One),0,0.6034990506253498
7926,STAD-MOV-007926,High and Low (Tengoku to jigoku),1,0.2801034580002934
7935,STAD-MOV-007935,Face to Face (Ansikte mot ansikte),0,0.20785018590729076
7951,STAD-MOV-007951,Nightbreed,1,0.2647072740968388
8009,STAD-MOV-008009,Marjorie Morningstar,0,0.11568785857905489
8038,STAD-MOV-008038,Manslaughter,0,0.0322431676426193
8183,STAD-MOV-008183,Educating Rita,1,0.364579605203478
8332,STAD-MOV-008332,Sunday Bloody Sunday,0,0.20109900132015207
8370,STAD-MOV-008370,"Blind Swordsman: Zatoichi, The (Zatôichi)",1,0.3363329681873957
8372,STAD-MOV-008372,Garfield: The Movie,1,0.35205866233329486
8452,STAD-MOV-008452,Moment by Moment,0,0.28111697337911196
8482,STAD-MOV-008482,"Picture of Dorian Gray, The",1,0.09076019581091521
8502,STAD-MOV-008502,Show Boat,0,0.2032502355024468
8532,STAD-MOV-008532,"Door in the Floor, The",1,0.1549047066951824
8536,STAD-MOV-008536,"Intended, The",0,0.061977843315030534
8543,STAD-MOV-008543,"Flying Leathernecks, The",0,0.1560272744917333
8584,STAD-MOV-008584,Leave Her to Heaven,0,0.10356367497988225
8608,STAD-MOV-008608,"Butcher, The (Boucher, Le)",0,0.3424224638926652
8613,STAD-MOV-008613,"Time of Your Life, The",0,0.1331995063863442
8614,STAD-MOV-008614,Overboard,1,0.43429624845006987
8649,STAD-MOV-008649,Gray Lady Down,0,0.36250732093041965
8669,STAD-MOV-008669,Stay Hungry,0,0.2630396203672634
8680,STAD-MOV-008680,In a Glass Cage (Tras el cristal),0,0.2877326822794705
8721,STAD-MOV-008721,Tai-Pan,0,0.329983943937839
8734,STAD-MOV-008734,Love Happy,0,0.09743311186571908
8741,STAD-MOV-008741,Ruby Cairo,0,0.44330381698435006
8780,STAD-MOV-008780,"Assassination Bureau, The",0,0.4711150153738522
8792,STAD-MOV-008792,Octane,0,0.2465312523816517
8820,STAD-MOV-008820,Spinout,0,0.23225959514953784
8856,STAD-MOV-008856,Roller Boogie,0,0.2204607498492941
8864,STAD-MOV-008864,Mr. 3000,1,0.26091910557918574
8868,STAD-MOV-008868,Head in the Clouds,0,0.2725986593534281
8883,STAD-MOV-008883,"Last Flight of Noah's Ark, The",0,0.6722232135825121
8922,STAD-MOV-008922,Epidemic,0,0.40985915566045433
8928,STAD-MOV-008928,"Fearless Vampire Killers, The",1,0.12245447389195098
8949,STAD-MOV-008949,Sideways,1,0.35121052477769527
9005,STAD-MOV-009005,Fire in the Sky,1,0.5638567057970123
9008,STAD-MOV-009008,"Invisible Man Returns, The",0,0.09818648035751561
9010,STAD-MOV-009010,Love Me If You Dare (Jeux d'enfants),1,0.2693734465866769
25762,STAD-MOV-025762,"Unknown, The (a.k.a. Alonzo the Armless)",0,0.04143820719863729
25786,STAD-MOV-025786,"Old Dark House, The",0,0.12523845496278554
25792,STAD-MOV-025792,"I Was Born, But... (a.k.a. Children of Tokyo) (Otona no miru ehon - Umarete wa mita keredo)",0,0.07915038472009278
25798,STAD-MOV-025798,Island of Lost Souls,0,0.17519283212096964
25805,STAD-MOV-025805,"Atalante, L'",0,0.10608152919911619
25826,STAD-MOV-025826,Libeled Lady,0,0.08593855404505174
25916,STAD-MOV-025916,They Were Expendable,0,0.1266610359464983
25919,STAD-MOV-025919,"Beast with Five Fingers, The",0,0.05851667623577698
25928,STAD-MOV-025928,Mourning Becomes Electra,0,0.10463302186461665
25950,STAD-MOV-025950,"Barkleys of Broadway, The",0,0.17649693067023192
25966,STAD-MOV-025966,"Greatest Love, The (Europa '51)",0,0.10328596375827574
26006,STAD-MOV-026006,"Seven Little Foys, The",0,0.13582006066410143
26030,STAD-MOV-026030,Corridors of Blood,0,0.22991433816118712
26088,STAD-MOV-026088,"Four Days of Naples, The (Le quattro giornate di Napoli)",0,0.1591639456388689
26093,STAD-MOV-026093,"Wonderful World of the Brothers Grimm, The",0,0.6801612040320995
26128,STAD-MOV-026128,What a Way to Go!,0,0.2804637780810946
26205,STAD-MOV-026205,"Goodbye, Mr. Chips",0,0.27737100130311987
26215,STAD-MOV-026215,"Joke, The (Zert)",0,0.15437402264784325
26216,STAD-MOV-026216,...tick... tick... tick...,0,0.1951764468853515
26223,STAD-MOV-026223,Gamera vs. Jiger,0,0.25403492578555514
26249,STAD-MOV-026249,They Call Me Trinity,0,0.1500662733971051
26268,STAD-MOV-026268,"Tall Blond Man with One Black Shoe, The (Le grand blond avec une chaussure noire)",0,0.21008898719971228
26308,STAD-MOV-026308,Turkish Delight (Turks fruit),0,0.2600129326221085
26309,STAD-MOV-026309,Walking Tall,0,0.41240200549560446
26317,STAD-MOV-026317,Emmanuelle,0,0.2641420097317918
26338,STAD-MOV-026338,Cousin cousine,0,0.28490792918827934
26343,STAD-MOV-026343,"Fortune, The",0,0.3251070430543051
26366,STAD-MOV-026366,Harlan County U.S.A.,0,0.08357894381329235
26379,STAD-MOV-026379,Jesus of Nazareth,0,0.034490962679296994
26435,STAD-MOV-026435,Starting Over,0,0.3052164419384074
26438,STAD-MOV-026438,Defiance,0,0.3622307984821374
26462,STAD-MOV-026462,Bad Boys,1,0.499286510497277
26464,STAD-MOV-026464,Blue Thunder,1,0.37361302675420843
26554,STAD-MOV-026554,"Quiet Earth, The",1,0.4709844463659689
26567,STAD-MOV-026567,Club Paradise,0,0.3290902066541912
26581,STAD-MOV-026581,Sherman's March,0,0.09834234292776649
26675,STAD-MOV-026675,Boiling Point (3-4 x jûgatsu),0,0.49256093361991327
26676,STAD-MOV-026676,Almost an Angel,0,0.412560816657729
26689,STAD-MOV-026689,Havana,0,0.3463599431178492
26701,STAD-MOV-026701,Patlabor: The Movie (Kidô keisatsu patorebâ: The Movie),0,0.7013882648751854
26702,STAD-MOV-026702,"Reflecting Skin, The",0,0.4877067366974661
26703,STAD-MOV-026703,Riff-Raff,0,0.45612754061179095
26776,STAD-MOV-026776,Porco Rosso (Crimson Pig) (Kurenai no buta),1,0.6022966982114402
26782,STAD-MOV-026782,"Mambo Kings, The",0,0.3543060293081846
26788,STAD-MOV-026788,"Story of Qiu Ju, The (Qiu Ju da guan si)",0,0.45445768962745176
26812,STAD-MOV-026812,Barbarians at the Gate,0,0.3357849472536161
26826,STAD-MOV-026826,Latcho Drom,0,0.1987680439250869
26842,STAD-MOV-026842,Tai Chi Master (Twin Warriors) (Tai ji: Zhang San Feng),0,0.5972352722100954
26901,STAD-MOV-026901,Last of the Dogmen,0,0.3992108052996616
26989,STAD-MOV-026989,Dance with the Devil (Perdita Durango),0,0.5071152722875616
27049,STAD-MOV-027049,Storm of the Century,0,0.07646247731419943
27176,STAD-MOV-027176,Style Wars,0,0.10323480947850744
27193,STAD-MOV-027193,Taxi 2,1,0.33932818851835594
27232,STAD-MOV-027232,Beautiful Joe,0,0.37429277880189094
27236,STAD-MOV-027236,Charisma (Karisuma),0,0.2885854696266272
27238,STAD-MOV-027238,Guest House Paradiso,0,0.5676321223644816
27291,STAD-MOV-027291,Century of the Dragon (Long zai bian yuan),0,0.5376572938883427
27297,STAD-MOV-027297,Possible Worlds,0,0.46537858220471934
27309,STAD-MOV-027309,Restless (Levottomat),0,0.28972072347916134
27340,STAD-MOV-027340,"Sleeping Dictionary, The",0,0.2693734465866769
27345,STAD-MOV-027345,Speaking of Sex,0,0.38566417212701026
27571,STAD-MOV-027571,"Rage in Placid Lake, The",0,0.23526711559759234
27657,STAD-MOV-027657,Alien Hunter,0,0.6252397401497101
27703,STAD-MOV-027703,High Roller: The Stu Ungar Story,0,0.16063162761148825
27728,STAD-MOV-027728,Ghost in the Shell 2: Innocence (a.k.a. Innocence) (Inosensu),1,0.5879614601157774
27793,STAD-MOV-027793,Starship Troopers 2: Hero of the Federation,1,0.43055077933385516
27800,STAD-MOV-027800,Interstella 5555: The 5tory of the 5ecret 5tar 5ystem,1,0.6263159986869427
27801,STAD-MOV-027801,Ong-Bak: The Thai Warrior (Ong Bak),1,0.3932090808076775
27841,STAD-MOV-027841,"Gospel of John, The",0,0.16063162761148825
27878,STAD-MOV-027878,Born into Brothels,1,0.03966408143270283
27905,STAD-MOV-027905,Casshern,1,0.4883183909791659
30767,STAD-MOV-030767,Sitcom,0,0.5762573178495336
30820,STAD-MOV-030820,"Woodsman, The",1,0.1549047066951824
30850,STAD-MOV-030850,"Merchant of Venice, The",1,0.1549047066951824
30890,STAD-MOV-030890,"Keys to the House, The (Chiavi di casa, Le)",0,0.1549047066951824
30894,STAD-MOV-030894,White Noise,1,0.5025515799091086
30905,STAD-MOV-030905,Bomb the System,0,0.30146684640049115
30958,STAD-MOV-030958,Who's the Caboose?,0,0.2724070329574187
31260,STAD-MOV-031260,Boys Town,0,0.06997090802810953
31645,STAD-MOV-031645,Reap the Wild Wind,0,0.17845990293342762
31694,STAD-MOV-031694,Bride & Prejudice,1,0.30215094700253253
31892,STAD-MOV-031892,"No Retreat, No Surrender",0,0.3339575845102755
32151,STAD-MOV-032151,It Happened to Jane,0,0.10728531089689866
32230,STAD-MOV-032230,"Snow Queen, The (Lumikuningatar)",0,0.40394013049310745
32234,STAD-MOV-032234,Julia,0,0.21772791910439285
32302,STAD-MOV-032302,"League of Ordinary Gentlemen, A",0,0.03966408143270283
32333,STAD-MOV-032333,"Seagull's Laughter, The (Mávahlátur)",0,0.28368012139979404
32493,STAD-MOV-032493,End of the Century: The Story of the Ramones,0,0.08283162235140623
32743,STAD-MOV-032743,Ringu 0: Bâsudei,0,0.3089078549113697
32770,STAD-MOV-032770,Brothers (Brødre),0,0.1549047066951824
32781,STAD-MOV-032781,Hawaii,0,0.1468362384325558
32860,STAD-MOV-032860,Premiers désirs,0,0.3872780915513407
32892,STAD-MOV-032892,Ivan's Childhood (a.k.a. My Name is Ivan) (Ivanovo detstvo),1,0.1591639456388689
32972,STAD-MOV-032972,Dr. Akagi (Kanzo sensei),0,0.4260773189055686
33188,STAD-MOV-033188,Mischief,0,0.42232285323715407
33193,STAD-MOV-033193,Viva María!,0,0.21692555968065344
33247,STAD-MOV-033247,Torments (El) (This Strange Passion),0,0.12969126323720354
33401,STAD-MOV-033401,"Adventurer, The",0,0.017869747284793038
33435,STAD-MOV-033435,Los Angeles Plays Itself,0,0.041203402155547866
33499,STAD-MOV-033499,Monster-in-Law,1,0.3443275067947682
33737,STAD-MOV-033737,Daybreak,0,0.6194455649212561
33844,STAD-MOV-033844,Exiles (Exils),0,0.3263435333300731
33863,STAD-MOV-033863,"Trail of the Lonesome Pine, The",0,0.08372899730727779
33893,STAD-MOV-033893,"Perfect Crime, The (Crimen Ferpecto) (Ferpect Crime)",0,0.42746196955925586
33933,STAD-MOV-033933,Ulzana's Raid,0,0.20215536664038442
34206,STAD-MOV-034206,Crippled Masters (Tian can di que),0,0.2311224783415725
34314,STAD-MOV-034314,Funny Ha Ha,0,0.2762017010569852
34323,STAD-MOV-034323,"Devil's Rejects, The",1,0.2781625151768835
34386,STAD-MOV-034386,Phone (Pon),0,0.522610633818642
34450,STAD-MOV-034450,Miracles - Mr. Canton and Lady Rose,0,0.3893052411303517
35008,STAD-MOV-035008,"Woman Rebels, A (Portrait of a Rebel)",0,0.08372899730727779
35629,STAD-MOV-035629,"Sea, The (Hafið)",0,0.16652856387141962
35807,STAD-MOV-035807,"Teahouse of the August Moon, The",0,0.10080026472563015
36083,STAD-MOV-036083,Main Hoon Na,0,0.33589458258467825
36152,STAD-MOV-036152,Dreamchild,0,0.34906630279933387
36525,STAD-MOV-036525,Just Like Heaven,1,0.37495600530254186
36553,STAD-MOV-036553,In Old Chicago,0,0.19353132513067622
37335,STAD-MOV-037335,Come Drink with Me (Da zui xia),0,0.27684712248467386
37444,STAD-MOV-037444,Frankenstein 90,0,0.33064793852418517
37495,STAD-MOV-037495,Survive Style 5+,0,0.48482749910103834
37744,STAD-MOV-037744,"Story of Vernon and Irene Castle, The",0,0.17853848347743462
37976,STAD-MOV-037976,"Flowers of St. Francis (Francesco, giullare di Dio)",0,0.09908349336367572
38038,STAD-MOV-038038,Wallace & Gromit in The Curse of the Were-Rabbit,1,0.5428508146788581
38164,STAD-MOV-038164,"All This, and Heaven Too",0,0.1121131463489177
38656,STAD-MOV-038656,Sweet Movie,0,0.25655289444583357
38701,STAD-MOV-038701,Don't Come Knocking,0,0.15646697637278104
39869,STAD-MOV-039869,Manderlay,1,0.14934563607513582
40404,STAD-MOV-040404,Al otro lado,0,0.1549047066951824
41566,STAD-MOV-041566,"Chronicles of Narnia: The Lion, the Witch and the Wardrobe, The",1,0.5828271801776677
41699,STAD-MOV-041699,"Ivan the Terrible, Part Two (Ivan Groznyy II: Boyarsky zagovor)",0,0.11568785857905489
42007,STAD-MOV-042007,Rumor Has It...,1,0.3439235308829106
42422,STAD-MOV-042422,Voices of a Distant Star (Hoshi no koe),0,0.4179759508305415
42550,STAD-MOV-042550,A Run for Your Money,0,0.09743311186571908
42987,STAD-MOV-042987,Fingersmith,0,0.06784694019801955
43260,STAD-MOV-043260,8MM 2,0,0.2929312585341704
43558,STAD-MOV-043558,Big Momma's House 2,1,0.3711981902403612
43983,STAD-MOV-043983,Election (Hak se wui),0,0.35779814518299696
44004,STAD-MOV-044004,Failure to Launch,1,0.33432423574951003
44041,STAD-MOV-044041,All Quiet on the Western Front,0,0.32798100146358783
44124,STAD-MOV-044124,Every Man for Himself (Slow Motion) (Sauve qui peut (la vie)),0,0.29030768902012405
44199,STAD-MOV-044199,Inside Man,1,0.349853012690903
44397,STAD-MOV-044397,"Hills Have Eyes, The",1,0.2582350835663522
44585,STAD-MOV-044585,"Goodbye, South, Goodbye (Nan guo zai jian, nan guo)",0,0.429741999630164
44674,STAD-MOV-044674,Wheel of Time,0,0.041203402155547866
44871,STAD-MOV-044871,"King Is Dancing, The (Le roi danse)",0,0.178840076445053
44931,STAD-MOV-044931,Secrets of a Soul (Geheimnisse einer Seele),0,0.03526654403784324
44949,STAD-MOV-044949,Hoot,0,0.3416722602274917
45100,STAD-MOV-045100,Battle in Heaven (Batalla en el cielo),0,0.3439235308829106
45106,STAD-MOV-045106,American Dreamz,1,0.24585877600423964
45447,STAD-MOV-045447,"Da Vinci Code, The",1,0.28386740134210653
45581,STAD-MOV-045581,Shanghai Dreams (Qing hong),0,0.14934563607513582
45664,STAD-MOV-045664,"King, The",0,0.14934563607513582
46363,STAD-MOV-046363,Summer in Berlin (Sommer vorm Balkon),0,0.14934563607513582
46525,STAD-MOV-046525,Spite Marriage,0,0.033277018759111925
46627,STAD-MOV-046627,Rock 'n' Roll Nightmare,0,0.1971598592704487
46915,STAD-MOV-046915,End Game,0,0.2441936516047049
46965,STAD-MOV-046965,Snakes on a Plane,1,0.37637139790511154
47248,STAD-MOV-047248,Johnny Was,0,0.43544915057529243
47397,STAD-MOV-047397,"Tom, Dick and Harry",0,0.09601867234396565
47907,STAD-MOV-047907,Fateless (Sorstalanság),0,0.15798324958895918
47950,STAD-MOV-047950,Hollywoodland,1,0.3733148712717299
48315,STAD-MOV-048315,Raintree County,0,0.14036278061483082
48346,STAD-MOV-048346,"Land Before Time II: The Great Valley Adventure, The",0,0.6651531313106455
48678,STAD-MOV-048678,Feast,1,0.3797504806424399
48783,STAD-MOV-048783,Flags of Our Fathers,1,0.1524941356013716
48820,STAD-MOV-048820,After Five in the Jungle (Nach Fünf im Urwald),0,0.5570622860271284
48970,STAD-MOV-048970,Platform (Zhantai),0,0.178840076445053
49314,STAD-MOV-049314,Harsh Times,1,0.3222624597311737
49371,STAD-MOV-049371,Min and Bill,0,0.0760356336371712
49615,STAD-MOV-049615,Triad Election (Election 2) (Hak se wui yi wo wai kwai),0,0.349853012690903
49651,STAD-MOV-049651,Rocky Balboa,1,0.28859289467944416
49688,STAD-MOV-049688,"Dam Busters, The",0,0.16718091885030942
49754,STAD-MOV-049754,Daniel,0,0.2895852172789058
49817,STAD-MOV-049817,"Plague Dogs, The",0,0.39171212250907195
49961,STAD-MOV-049961,Notes on a Scandal,1,0.14395208177405283
50059,STAD-MOV-050059,Don't Drink the Water,0,0.41167547456119746
50488,STAD-MOV-050488,"Stolen Life, A",0,0.10248792680783295
50792,STAD-MOV-050792,Catch and Release,1,0.3367092707203045
50977,STAD-MOV-050977,Vice Squad,0,0.43261870701146704
51004,STAD-MOV-051004,Danika,0,0.2582350835663522
51111,STAD-MOV-051111,What Will You Do When You Catch Me? (Co mi zrobisz jak mnie zlapiesz?),0,0.29890990234337633
51174,STAD-MOV-051174,Factory Girl,1,0.14395208177405283
51372,STAD-MOV-051372,"""Great Performances"" Cats",0,0.23392704679672702
51528,STAD-MOV-051528,"Commare secca, La (Grim Reaper, The)",0,0.1411313194738874
52321,STAD-MOV-052321,Seraphim Falls,1,0.5066655435775181
52606,STAD-MOV-052606,Big Nothing,1,0.41261052710554624
52666,STAD-MOV-052666,Benny's Video,0,0.34652839424030185
52804,STAD-MOV-052804,Flannel Pajamas,0,0.20787110837943562
52891,STAD-MOV-052891,"Flying Scotsman, The",0,0.14395208177405283
52950,STAD-MOV-052950,Day Watch (Dnevnoy dozor),1,0.4462677610177038
52980,STAD-MOV-052980,"Zidane: A 21st Century Portrait (Zidane, un portrait du 21e siècle)",0,0.036749271207844665
53004,STAD-MOV-053004,Delta Farce,0,0.4645785187884241
53038,STAD-MOV-053038,Red Dust,0,0.061464448213901846
53131,STAD-MOV-053131,Rise,0,0.37444873225220676
53207,STAD-MOV-053207,88 Minutes,1,0.3541037811749127
53406,STAD-MOV-053406,Go,0,0.1725974579662978
53769,STAD-MOV-053769,In Search of a Midnight Kiss,0,0.3244677415387029
53788,STAD-MOV-053788,Exiled (Fong juk),0,0.4653810201401177
53847,STAD-MOV-053847,"Woman Chaser, The",0,0.3882912067630357
53851,STAD-MOV-053851,American Friends,0,0.4696514871554014
54220,STAD-MOV-054220,"Sterile Cuckoo, The",0,0.19104356165998312
54561,STAD-MOV-054561,Abraham,0,0.533001932239498
54621,STAD-MOV-054621,Molière,0,0.3288281744970904
54758,STAD-MOV-054758,TerrorStorm: A History of Government-Sponsored Terrorism,0,0.036749271207844665
54787,STAD-MOV-054787,Death Sentence,1,0.28438397295943063
54833,STAD-MOV-054833,Brighton Rock,0,0.13184626523383067
55052,STAD-MOV-055052,Atonement,1,0.2483406720031673
55272,STAD-MOV-055272,We Own the Night,1,0.23458845107654122
55512,STAD-MOV-055512,Can't Help Singing,0,0.10315635602275523
55684,STAD-MOV-055684,"City of Violence, The (Jjakpae)",0,0.3222624597311737
55765,STAD-MOV-055765,American Gangster,1,0.342031476855692
55826,STAD-MOV-055826,Ripley Under Ground,0,0.38701137439128835
56012,STAD-MOV-056012,"Evening with Kevin Smith 2: Evening Harder, An",0,0.1333364574150826
56069,STAD-MOV-056069,Murder Party,0,0.31737715625292506
56176,STAD-MOV-056176,Alvin and the Chipmunks,1,0.3312591827820204
56313,STAD-MOV-056313,"Shepherd of the Hills, The",0,0.09233791358477669
56379,STAD-MOV-056379,"Maxed Out: Hard Times, Easy Credit and the Era of Predatory Lenders",0,0.036749271207844665
56511,STAD-MOV-056511,Redacted,0,0.37084483738201307
56548,STAD-MOV-056548,All Passion Spent,0,0.28580044666562765
56715,STAD-MOV-056715,Wristcutters: A Love Story,1,0.3012743174038955
56757,STAD-MOV-056757,Sweeney Todd: The Demon Barber of Fleet Street,1,0.23038242372303072
56921,STAD-MOV-056921,Battlestar Galactica: Razor,1,0.593869653056926
57637,STAD-MOV-057637,"Signal, The",0,0.43230056704844083
57964,STAD-MOV-057964,Blue State,0,0.20563018884334797
58078,STAD-MOV-058078,"Air I Breathe, The",1,0.3977643526627279
58136,STAD-MOV-058136,Great World of Sound,0,0.20563018884334797
58282,STAD-MOV-058282,"Emperor Waltz, The",0,0.22656715171283434
59044,STAD-MOV-059044,Diminished Capacity,0,0.1986686890702385
59105,STAD-MOV-059105,Where in the World Is Osama Bin Laden?,0,0.03404107434090241
59129,STAD-MOV-059129,Outpost,0,0.20215911482790813
59188,STAD-MOV-059188,Viva Zapata!,0,0.04308966246571737
59260,STAD-MOV-059260,"Unknown Woman, The (La Sconosciuta)",0,0.28386740134210653
59527,STAD-MOV-059527,"Window, The",0,0.20152489484205335
59615,STAD-MOV-059615,Indiana Jones and the Kingdom of the Crystal Skull,1,0.629159696301513
59865,STAD-MOV-059865,Pilgrimage,0,0.06281584338920829
59867,STAD-MOV-059867,Lonelyhearts,0,0.11563967520200004
59947,STAD-MOV-059947,"Protector, The",0,0.4937449821659419
60133,STAD-MOV-060133,Brick Lane,0,0.1387215405245036
60145,STAD-MOV-060145,"Penalty, The",0,0.043283602934084536
60201,STAD-MOV-060201,"Color of Pomegranates, The (Sayat Nova)",0,0.15182690841762664
60237,STAD-MOV-060237,Dog Day (Canicule),0,0.5341090773562548
60295,STAD-MOV-060295,Up the Yangtze,0,0.035370209537655004
60309,STAD-MOV-060309,Along Came Jones,0,0.10281215745076408
60450,STAD-MOV-060450,Summer of '04 (Sommer '04),0,0.14395208177405283
60526,STAD-MOV-060526,Death Defying Acts,0,0.3697490733595216
60530,STAD-MOV-060530,Water Lilies (Naissance des pieuvres),0,0.1387215405245036
60756,STAD-MOV-060756,Step Brothers,1,0.1986686890702385
60766,STAD-MOV-060766,Man on Wire,1,0.03404107434090241
61041,STAD-MOV-061041,"Take, The",0,0.23458845107654122
61206,STAD-MOV-061206,In the City of Sylvia (En la ciudad de Sylvia),0,0.1387215405245036
61285,STAD-MOV-061285,Path to War,0,0.16652856387141962
61352,STAD-MOV-061352,Traitor,1,0.3343198816909217
62014,STAD-MOV-062014,Zuzu Angel,0,0.14395208177405283
62237,STAD-MOV-062237,Part of the Weekend Never Dies,0,0.03404107434090241
62265,STAD-MOV-062265,"Accidental Husband, The",1,0.3052202151835428
62293,STAD-MOV-062293,"Duchess, The",1,0.2316275525636552
62304,STAD-MOV-062304,"Tulse Luper Suitcases, Part 1: The Moab Story, The",0,0.44648608906492826
62434,STAD-MOV-062434,Zack and Miri Make a Porno,1,0.32057876630267684
62834,STAD-MOV-062834,Babylon 5: The Legend of the Rangers: To Live and Die in Starlight,0,0.2732810154831648
62956,STAD-MOV-062956,Futurama: Bender's Game,1,0.6510188165566625
62970,STAD-MOV-062970,Tin Man,0,0.1230431346927288
63758,STAD-MOV-063758,Casanova '70,0,0.179037470379561
63808,STAD-MOV-063808,"Class, The (Entre les murs)",1,0.1336614691582577
63989,STAD-MOV-063989,"Devil Doll, The",0,0.0736620916066686
64793,STAD-MOV-064793,Tumannost Andromedy,0,0.37404637999421775
64976,STAD-MOV-064976,Hexed,0,0.4122873287946638
65142,STAD-MOV-065142,Loft,0,0.2295889511720194
65259,STAD-MOV-065259,Involuntary (De ofrivilliga),0,0.1336614691582577
65300,STAD-MOV-065300,Jack Brooks: Monster Slayer,0,0.2592430909346349
65357,STAD-MOV-065357,House of Sand (Casa de Areia),0,0.14934563607513582
65435,STAD-MOV-065435,Open Season 2,0,0.5145751673374388
65685,STAD-MOV-065685,Inkheart,1,0.3149304469985025
65731,STAD-MOV-065731,"Alphabet Killer, The",0,0.21578168605286846
65740,STAD-MOV-065740,Revenge of the Nerds IV: Nerds in Love,0,0.5537703181380635
65770,STAD-MOV-065770,Save Me,0,0.1387215405245036
65899,STAD-MOV-065899,12:01,0,0.7547212027295291
65927,STAD-MOV-065927,Night Train,0,0.3757607495146718
65974,STAD-MOV-065974,Shadow of the Holy Book (Pyhän kirjan varjo),0,0.035370209537655004
66097,STAD-MOV-066097,Coraline,1,0.29851974108673884
66105,STAD-MOV-066105,"Psychomania (Death Wheelers, The)",0,0.12619667816247035
66140,STAD-MOV-066140,Blackout,0,0.21442215102200599
66250,STAD-MOV-066250,California,0,0.07019040549441094
66437,STAD-MOV-066437,Man in the Chair,0,0.23855190904830023
66859,STAD-MOV-066859,"Adventures of Food Boy, The (aka High School Superhero)",0,0.1986686890702385
66870,STAD-MOV-066870,Everlasting Moments (Maria Larssons eviga ögonblick),0,0.1336614691582577
67070,STAD-MOV-067070,Army of One (Joshua Tree),0,0.7796547151135563
67603,STAD-MOV-067603,Blue Steel,0,0.026783979584719404
67748,STAD-MOV-067748,Scenes of a Sexual Nature,0,0.3367092707203045
67799,STAD-MOV-067799,The Butterfly Effect 3: Revelations,1,0.5866304938547298
67871,STAD-MOV-067871,Rest Stop,0,0.22213113221173525
67907,STAD-MOV-067907,Kiler,0,0.4981033403511781
68153,STAD-MOV-068153,Double Trouble,0,0.316034596361022
68163,STAD-MOV-068163,Lust for Gold,0,0.07455259148744045
68246,STAD-MOV-068246,Fraternity Demon,0,0.41282745751201244
68480,STAD-MOV-068480,Flatfoot on the Nile (Piedone d'Egitto),0,0.36964098670882967
68653,STAD-MOV-068653,"Devil Is a Woman, The",0,0.10812804032268276
68872,STAD-MOV-068872,Paisan (Paisà),0,0.12876634768850692
68901,STAD-MOV-068901,Chop Shop,0,0.1387215405245036
68932,STAD-MOV-068932,"Soloist, The",1,0.12791570083120254
69134,STAD-MOV-069134,Antichrist,1,0.214053370077724
69356,STAD-MOV-069356,Zulu Dawn,0,0.4916592790470009
69372,STAD-MOV-069372,Big Man Japan (Dai-Nihonjin),0,0.394601835615647
69706,STAD-MOV-069706,Mumia Abu-Jamal: A Case for Reasonable Doubt?,0,0.08865049224522513
69773,STAD-MOV-069773,Madame Bovary,0,0.13416451273093388
69830,STAD-MOV-069830,Iron Maiden: Flight 666,0,0.032760188904387054
69849,STAD-MOV-069849,Roots,1,0.045908896526139345
69919,STAD-MOV-069919,"Mark of Cain, The",0,0.1387215405245036
69974,STAD-MOV-069974,Shiver (Eskalofrío),0,0.20692354825728762
69986,STAD-MOV-069986,"Cold Water (Eau Froide, L')",0,0.3311245706614244
70206,STAD-MOV-070206,"Collector, The",0,0.2719960291434543
70208,STAD-MOV-070208,"Perfect Getaway, A",1,0.19962051328052657
70377,STAD-MOV-070377,Where Danger Lives,0,0.21921779192906055
70432,STAD-MOV-070432,Fail Safe,0,0.34371336855743034
70670,STAD-MOV-070670,Second Wind (Le deuxième souffle) (Second Breath),0,0.1706572432327087
70730,STAD-MOV-070730,Feel the Noise,0,0.1387215405245036
70817,STAD-MOV-070817,Shadow Warriors 2 (Assault on Devil's Island),0,0.7301066954239475
70821,STAD-MOV-070821,Cinematographer Style,0,0.036749271207844665
70992,STAD-MOV-070992,Cargo 200 (Gruz 200),0,0.1387215405245036
71065,STAD-MOV-071065,Cosmonaut (Cosmonauta),0,0.1918859322696231
71160,STAD-MOV-071160,"Hunt For Gollum, The",0,0.07978043370559129
71409,STAD-MOV-071409,"Execution of P, The (Kinatay)",0,0.31969263828963845
71444,STAD-MOV-071444,Thirst (Pyaasa),0,0.22297811105007814
71472,STAD-MOV-071472,"Cameraman's Revenge, The (Mest kinematograficheskogo operatora)",0,0.010149164206240062
71537,STAD-MOV-071537,Fame,0,0.2696478377365378
71582,STAD-MOV-071582,David and Lisa,0,0.2974510992887975
71634,STAD-MOV-071634,"Story of Louis Pasteur, The",0,0.06559210362739919
71899,STAD-MOV-071899,Mary and Max,1,0.20513152542061752
72228,STAD-MOV-072228,Creation,0,0.12891823531966842
72300,STAD-MOV-072300,"Hart of London, The",0,0.1979614102616001
72505,STAD-MOV-072505,Wake of Death,0,0.382897530900426
72552,STAD-MOV-072552,Oxford Blues,0,0.3671095785572527
72585,STAD-MOV-072585,Carnival in Flanders (La kermesse héroïque),0,0.08405762594570597
72605,STAD-MOV-072605,Brothers,1,0.296658539121911
72637,STAD-MOV-072637,Printed Rainbow,0,0.29017086130666897
72781,STAD-MOV-072781,Red Chapel (Røde kapel),0,0.019766492286090936
72833,STAD-MOV-072833,"Art of Travel, The",0,0.38049354497161836
72949,STAD-MOV-072949,Faith Like Potatoes,0,0.14395208177405283
73025,STAD-MOV-073025,"Art of War II: Betrayal, The",0,0.36681430421481903
73049,STAD-MOV-073049,Uncertainty,0,0.3954318197737374
73099,STAD-MOV-073099,"Profit, The",0,0.1725974579662978
73154,STAD-MOV-073154,"H.M. Pulham, Esq.",0,0.11439766672155441
73236,STAD-MOV-073236,Direct Contact,0,0.20367661063807005
73608,STAD-MOV-073608,Heat,0,0.30223721782786367
73639,STAD-MOV-073639,"Actress, the Dollars and the Transylvanians, The (Artista, dolarii si Ardelenii)",0,0.09987211742051913
73813,STAD-MOV-073813,Flock of Dodos: The Evolution-Intelligent Design Circus,0,0.036749271207844665
73914,STAD-MOV-073914,Sometimes a Great Notion,0,0.33000799483044435
74113,STAD-MOV-074113,Japan's Longest Day (Nihon no ichiban nagai hi),0,0.17069283094821863
74115,STAD-MOV-074115,Dante's Inferno Animated,0,0.09355465863204282
74127,STAD-MOV-074127,Shriek of the Mutilated,0,0.12846767770096587
74129,STAD-MOV-074129,Four Eyed Monsters,0,0.37022224097822026
74144,STAD-MOV-074144,Crime and Punishment,0,0.06559210362739919
74152,STAD-MOV-074152,Zach Galifianakis: Live at the Purple Onion,0,0.1333364574150826
74282,STAD-MOV-074282,Anne of Green Gables: The Sequel (a.k.a. Anne of Avonlea),0,0.5461717932554127
74473,STAD-MOV-074473,"Case of the Whitechapel Vampire, The",0,0.24293118453386847
74886,STAD-MOV-074886,Taras Bulba,0,0.39676169352658563
74967,STAD-MOV-074967,"Mysteries of Pittsburgh, The",0,0.36323641971653403
75349,STAD-MOV-075349,Teenage Caveman,0,0.46512030222663403
75397,STAD-MOV-075397,Torrid Zone,0,0.15243569435529802
75414,STAD-MOV-075414,Blade of the Ripper,0,0.3532528961279685
75434,STAD-MOV-075434,"Wrestler, The (Painija)",0,0.10942472943579479
75803,STAD-MOV-075803,Our Family Wedding,0,0.09175305908856313
75929,STAD-MOV-075929,Possession,0,0.3274965661910708
76056,STAD-MOV-076056,New York,0,0.3260645407060701
76147,STAD-MOV-076147,I Hate Valentine's Day,0,0.3052202151835428
76258,STAD-MOV-076258,Varg Veum - Fallen Angels (Varg Veum - Falne Engler),0,0.3343198816909217
76823,STAD-MOV-076823,"Men Who Tread on the Tiger's Tail, The (Tora no o wo fumu otokotachi)",0,0.35448440740535814
76873,STAD-MOV-076873,Angel of Death,0,0.4448003809216038
77344,STAD-MOV-077344,Chizuko's Younger Sister (Futari),0,0.34337101127390574
77362,STAD-MOV-077362,Texas Carnival,0,0.16435899756324215
77468,STAD-MOV-077468,Bloody Territories (Kôiki bôryoku: ryuuketsu no shima),0,0.16352357684681565
77738,STAD-MOV-077738,Living Death,0,0.2582350835663522
77808,STAD-MOV-077808,Bobby Deerfield,0,0.2768114449228786
77831,STAD-MOV-077831,"Fine, Totally Fine (Zenzen Daijobu)",0,0.1986686890702385
78019,STAD-MOV-078019,Adam Resurrected,0,0.14201978484956876
78045,STAD-MOV-078045,Tora-san's Love Call (Otoko wa tsurai yo: Torajiro koiuta),0,0.1927571847063265
78066,STAD-MOV-078066,Sada,0,0.2974510992887975
78270,STAD-MOV-078270,May Fools (Milou en mai),0,0.5334516055865864
78313,STAD-MOV-078313,Adulthood,0,0.1336614691582577
78329,STAD-MOV-078329,Reconstituirea (Reconstruction),0,0.18804901126495335
78438,STAD-MOV-078438,Edge of the City,0,0.11367023741867778
78483,STAD-MOV-078483,Gigot,0,0.12671694134478645
78488,STAD-MOV-078488,Dhoondte Reh Jaoge,0,0.22413032427519602
78534,STAD-MOV-078534,Adrift (À Deriva),0,0.12891823531966842
78673,STAD-MOV-078673,Children in the Wind (Kaze no naka no kodomo),0,0.06848206584490539
78696,STAD-MOV-078696,"Moment After 2, The: The Awakening",0,0.5152969463563227
78715,STAD-MOV-078715,"Woman of Affairs, A",0,0.036878940762745865
79073,STAD-MOV-079073,When You're Strange,0,0.032760188904387054
79083,STAD-MOV-079083,Young Bess,0,0.12969126323720354
79207,STAD-MOV-079207,Fear City,0,0.5292302702359697
79505,STAD-MOV-079505,North (Nord),0,0.22413032427519602
79547,STAD-MOV-079547,2:13,0,0.19962051328052657
79640,STAD-MOV-079640,"Terrace, The (Terrazza, La)",0,0.29030768902012405
79775,STAD-MOV-079775,"Story of My Life, The (Mensonges et trahisons et plus si affinités...)",0,0.3544707346861996
80014,STAD-MOV-080014,Ole dole doff,0,0.15182690841762664
80054,STAD-MOV-080054,Blood into Wine,0,0.014254030720630449
80179,STAD-MOV-080179,Golem,0,0.46200002703917636
80195,STAD-MOV-080195,Shouting Fire: Stories from the Edge of Free Speech,0,0.032760188904387054
80204,STAD-MOV-080204,Vesku from Finland (Vesku),0,0.014254030720630449
80258,STAD-MOV-080258,"Moon Is Blue, The",0,0.13608092567848398
80313,STAD-MOV-080313,"Oh, Susanna!",0,0.04596504370202845
80469,STAD-MOV-080469,Superman/Batman: Apocalypse,0,0.026098289239748662
80759,STAD-MOV-080759,Hardcore,0,0.25752495966516215
80880,STAD-MOV-080880,Stone,0,0.13507592677728514
81102,STAD-MOV-081102,"Padrecito, El (Little Priest)",0,0.17602779555692066
81111,STAD-MOV-081111,Peepli Live,0,0.10947418728924369
81274,STAD-MOV-081274,Under the Stars (Bajo las estrellas),0,0.1387215405245036
81432,STAD-MOV-081432,"Finances of the Grand Duke, The (Die Finanzen des Großherzogs)",0,0.029758891165831438
81671,STAD-MOV-081671,"Tramp, The (Awaara) (Awara)",0,0.2032502355024468
81903,STAD-MOV-081903,"Lost Skeleton Returns Again, The",0,0.1918859322696231
81957,STAD-MOV-081957,"World Unseen, The",0,0.2393090821147479
82011,STAD-MOV-082011,Bad Family (Paha Perhe),0,0.10947418728924369
82030,STAD-MOV-082030,"Lesson in Love, A (En lektion i kärlek)",0,0.13328309445056427
82095,STAD-MOV-082095,Skyline,1,0.2766364946589375
82179,STAD-MOV-082179,"High Wind in Jamaica, A",0,0.2409799506223841
82186,STAD-MOV-082186,It's Alive 2: It Lives Again,0,0.1379023031436723
82454,STAD-MOV-082454,Days of Glory,0,0.16801078938244024
82567,STAD-MOV-082567,Riffraff,0,0.09996186632820576
82635,STAD-MOV-082635,Glue,0,0.14395208177405283
82877,STAD-MOV-082877,Moonlight Serenade,0,0.17150075524253408
83258,STAD-MOV-083258,C(r)ook (Basta - Rotwein Oder Totsein),0,0.2275897404557689
83318,STAD-MOV-083318,"Goat, The",0,0.02782394040712386
83437,STAD-MOV-083437,"Young in Heart, The",0,0.08921754521668634
83605,STAD-MOV-083605,Saint Ange (House of Voices),0,0.24401928827740405
83656,STAD-MOV-083656,Tango Kabaree,0,0.04187254136413793
83660,STAD-MOV-083660,Trog,0,0.20699209894608014
83801,STAD-MOV-083801,"Film Unfinished, A (Shtikat Haarchion)",0,0.04029618236707977
84128,STAD-MOV-084128,"Tuesday, After Christmas (Marti, dupa craciun)",0,0.10949239044148334
84230,STAD-MOV-084230,"Balloonatic, The",0,0.02909983011139531
84242,STAD-MOV-084242,Welcome to the Rileys,0,0.059364155397659435
84442,STAD-MOV-084442,Dark Forces (Harlequin),0,0.3010927882605495
84483,STAD-MOV-084483,"Magic Gloves, The (Los guantes mágicos)",0,0.2686693413562263
84508,STAD-MOV-084508,The Raid,0,0.16433411530158676
84641,STAD-MOV-084641,Skippy,0,0.07757694012292997
84646,STAD-MOV-084646,All the Brothers Were Valiant,0,0.21839251343698668
84665,STAD-MOV-084665,Pepe,0,0.21105391555081857
84714,STAD-MOV-084714,Hands of the Ripper,0,0.2582301994258101
84768,STAD-MOV-084768,Glitterbug,0,0.021680839480831684
85010,STAD-MOV-085010,Background to Danger,0,0.2852353316963075
85025,STAD-MOV-085025,"Eagle, The",1,0.14051946371686402
85175,STAD-MOV-085175,Liliom,0,0.0526305912502868
85213,STAD-MOV-085213,"Sunset Limited, The",0,0.05706909017165413
85585,STAD-MOV-085585,Winnie the Pooh and a Day for Eeyore,0,0.2767245675020933
85763,STAD-MOV-085763,Beneath Hill 60,0,0.06339819827386883
85788,STAD-MOV-085788,Insidious,1,0.17014062377794564
86061,STAD-MOV-086061,"Question of Silence, A (De stilte rond Christine M.)",0,0.29037117005487156
86263,STAD-MOV-086263,Grown Up Movie Star,0,0.12891823531966842
86279,STAD-MOV-086279,Into Eternity,0,0.014254030720630449
86330,STAD-MOV-086330,Forever Strong,0,0.1336614691582577
86420,STAD-MOV-086420,Two Drifters (Odete),0,0.14934563607513582
86438,STAD-MOV-086438,Laaga Chunari Mein Daag: Journey of a Woman,0,0.1387215405245036
86606,STAD-MOV-086606,Tracker,0,0.36728995900394446
86644,STAD-MOV-086644,"Fast Five (Fast and the Furious 5, The)",1,0.6182421363311281
86826,STAD-MOV-086826,June 9 (2008),0,0.0007963902072387057
86922,STAD-MOV-086922,Nothing to Declare (Rien à déclarer),0,0.09175305908856313
86929,STAD-MOV-086929,"Sin of Madelon Claudet, The",0,0.06014026074454043
86988,STAD-MOV-086988,Ballou,0,0.06791559243259374
87012,STAD-MOV-087012,Under Our Skin,0,0.03404107434090241
87036,STAD-MOV-087036,Comedy of Innocence (Comédie de l'innocence),0,0.34371336855743034
87063,STAD-MOV-087063,Bis zum Ellenbogen,0,0.20563018884334797
87234,STAD-MOV-087234,Submarine,1,0.16232276567074344
87298,STAD-MOV-087298,Everything Must Go,1,0.10947418728924369
87300,STAD-MOV-087300,Eyes of the Mothman,0,0.013707119977176592
87320,STAD-MOV-087320,"Oath, The",0,0.014254030720630449
87392,STAD-MOV-087392,"Working Class Goes to Heaven, The (a.k.a. Lulu the Tool) (La classe operaia va in paradiso)",0,0.20109900132015207
87403,STAD-MOV-087403,48 Shades,0,0.24585877600423964
87444,STAD-MOV-087444,Elektra Luxx,0,0.09175305908856313
87514,STAD-MOV-087514,Papa's Delicate Condition,0,0.1293813322113336
87618,STAD-MOV-087618,"Mattei Affair, The (Il caso Mattei)",0,0.2597480733908331
87702,STAD-MOV-087702,Every Night Dreams (Each Night I Dream) (Yogoto no yume),0,0.06281584338920829
87806,STAD-MOV-087806,Who Are the DeBolts? [And Where Did They Get 19 Kids?],0,0.0830171500469332
87990,STAD-MOV-087990,"If I Want to Whistle, I Whistle (Eu cand vreau sa fluier, fluier)",0,0.059364155397659435
88053,STAD-MOV-088053,Hangtime - Kein leichtes Spiel,0,0.12891823531966842
88071,STAD-MOV-088071,Ballerina (La mort du cygne),0,0.21208449750880518
88125,STAD-MOV-088125,Harry Potter and the Deathly Hallows: Part 2,1,0.6852291144644139
88192,STAD-MOV-088192,"Poker House, The",0,0.1336614691582577
88329,STAD-MOV-088329,Madeleine,0,0.14116319871528824
88331,STAD-MOV-088331,Exodus (Cheut ai kup gei),0,0.28801020218711737
88414,STAD-MOV-088414,"Winner, The",0,0.6164378739258538
88417,STAD-MOV-088417,Exposed,0,0.2895852172789058
88568,STAD-MOV-088568,Oki's Movie (Ok-hui-ui yeonghwa),0,0.10947418728924369
88759,STAD-MOV-088759,Coffin Rock,0,0.23699883854056594
89090,STAD-MOV-089090,Bill Cunningham New York,0,0.013707119977176592
89341,STAD-MOV-089341,Night Ambush (Ill Met by Moonlight),0,0.3082280096305948
89480,STAD-MOV-089480,Sleeping Beauty,0,0.05706909017165413
89532,STAD-MOV-089532,"House of the Seven Gables, The",0,0.18973843508916982
89658,STAD-MOV-089658,Green Fire,0,0.18051805792871267
89718,STAD-MOV-089718,Sweet Karma,0,0.3260645407060701
89722,STAD-MOV-089722,"Horrible Way to Die, A (2010)",0,0.0007629675176943237
89969,STAD-MOV-089969,"Legend of Suram Fortress, The (Ambavi Suramis tsikhitsa) (1986)",0,0.0006154545936397546
89971,STAD-MOV-089971,On the Double,0,0.1651528713949987
89994,STAD-MOV-089994,Rabbit à la Berlin (Królik po berlinsku),0,0.06908941504753109
90106,STAD-MOV-090106,Pigskin Parade,0,0.08315786627449971
90154,STAD-MOV-090154,"Caller, The",0,0.10398514115711402
90424,STAD-MOV-090424,"League of Gentlemen, The",0,0.30305999480662055
90453,STAD-MOV-090453,Mystics in Bali (Leák),0,0.40901851252500415
90552,STAD-MOV-090552,Blame (6 Films to Keep You Awake) (Películas para no dormir: La culpa),0,0.02752093715817944
90564,STAD-MOV-090564,"Screaming Man, A (Un homme qui crie)",0,0.059364155397659435
90662,STAD-MOV-090662,"Veteran, The",0,0.18794121741076375
90717,STAD-MOV-090717,Tower Heist,1,0.19858503416029077
90819,STAD-MOV-090819,"Last Days of Pompeii, The",0,0.11641679840457608
90903,STAD-MOV-090903,Mahjong (Ma jiang),0,0.4434618541892972
91014,STAD-MOV-091014,Shaolin (Xin shao lin si),0,0.1338712968171385
91058,STAD-MOV-091058,Make Like a Thief (Juokse kuin varas),0,0.09363740491690328
91163,STAD-MOV-091163,Moonlight and Cactus,0,0.13651729942195953
91233,STAD-MOV-091233,Lifted,0,0.35937923607290184
91241,STAD-MOV-091241,Singham,0,0.16775012565684166
91416,STAD-MOV-091416,Miss Bala,0,0.35951941221226136
91511,STAD-MOV-091511,"Goddess, The (Shen nu)",0,0.06419000302962709
91558,STAD-MOV-091558,Flamenco (de Carlos Saura),0,0.2575025090834136
91589,STAD-MOV-091589,"Forty-first, The (Sorok pervyy)",0,0.18369060625060254
91741,STAD-MOV-091741,Peas at 5:30 (Erbsen auf halb 6),0,0.35121052477769527
91743,STAD-MOV-091743,Today's Special,0,0.1918859322696231
91793,STAD-MOV-091793,"Painting Sellers, The (Taulukauppiaat)",0,0.059364155397659435
91795,STAD-MOV-091795,Hans (Kukkulan kuningas) (2009),0,0.0011477104469127736
91805,STAD-MOV-091805,Ladies vs. Ricky Bahl,0,0.10530414338643972
91854,STAD-MOV-091854,Mantrap,0,0.031120669303321195
91960,STAD-MOV-091960,"Magic Christmas Tree, The",0,0.3080251499672429
91993,STAD-MOV-091993,All Night Long,0,0.13726275070322527
92025,STAD-MOV-092025,My Man and I,0,0.10328596375827574
92188,STAD-MOV-092188,Call Her Savage,0,0.061464448213901846
92192,STAD-MOV-092192,Apollo 18,0,0.22474851305632762
92196,STAD-MOV-092196,Crazy Horse,0,0.013707119977176592
92259,STAD-MOV-092259,Intouchables,1,0.10530414338643972
92314,STAD-MOV-092314,Varasto,0,0.10530414338643972
92427,STAD-MOV-092427,Woman in Love (Rubbeldiekatz),0,0.08821865615749971
92453,STAD-MOV-092453,"Moine, Le (Monk, The)",0,0.12442648064097998
92490,STAD-MOV-092490,Barbie in the Nutcracker,0,0.26259266902167927
92670,STAD-MOV-092670,"Jodorowsky Constellation, The (La constellation Jodorowsky)",0,0.09875032168636239
92696,STAD-MOV-092696,"Shrine, The",0,0.049651532160338664
92852,STAD-MOV-092852,Ricky Rapper and the Bicycle Thief (Risto Räppääjä ja polkupyörävaras),0,0.28966673309733915
93035,STAD-MOV-093035,"Great Sinner, The",0,0.10904239109787268
93185,STAD-MOV-093185,Poppy Shakespeare,0,0.1336614691582577
93328,STAD-MOV-093328,One A.M.,0,0.01746995975668883
93520,STAD-MOV-093520,Adventures of Captain Marvel,0,0.2851477638329747
93674,STAD-MOV-093674,Passion of Love (Passione d'amore),0,0.3747058014167769
93885,STAD-MOV-093885,Osmosis (Osmose),0,0.06398624963147087
94157,STAD-MOV-094157,"Mad Masters, The (Les maîtres fous)",0,0.044690102132573524
94280,STAD-MOV-094280,Spud,0,0.09175305908856313
94310,STAD-MOV-094310,In the Hands of the Gods,0,0.035370209537655004
94352,STAD-MOV-094352,Bride Flight,0,0.1336614691582577
94410,STAD-MOV-094410,Hamlet,0,0.12891823531966842
94494,STAD-MOV-094494,96 Minutes (2011),0,0.001113920814649752
94539,STAD-MOV-094539,Viva Riva!,0,0.059364155397659435
94675,STAD-MOV-094675,Three Steps Above Heaven (Tres metros sobre el cielo),0,0.10949239044148334
94679,STAD-MOV-094679,Thrive,0,0.013707119977176592
94739,STAD-MOV-094739,"Island President, The",0,0.013707119977176592
94928,STAD-MOV-094928,Just Friends?,0,0.09132847852810276
95016,STAD-MOV-095016,"Peach Thief, The (Kradetzat na praskovi)",0,0.22710540661173945
95026,STAD-MOV-095026,Exporting Raymond,0,0.054306781412314716
95085,STAD-MOV-095085,Love's Deadly Triangle: The Texas Cadet Murder,0,0.30634716366187337
95133,STAD-MOV-095133,Blackthorn,0,0.039884105081025356
95165,STAD-MOV-095165,Dragon Ball Z the Movie: The World's Strongest (a.k.a. Dragon Ball Z: The Strongest Guy in The World) (Doragon bôru Z: Kono yo de ichiban tsuyoi yatsu),0,0.8192788786268693
95207,STAD-MOV-095207,Abraham Lincoln: Vampire Hunter,1,0.25225984094934195
95218,STAD-MOV-095218,First Position,0,0.013707119977176592
95375,STAD-MOV-095375,Boundin',0,0.19278594957707443
95521,STAD-MOV-095521,Reminiscences of a Journey to Lithuania,0,0.08288226664228639
95615,STAD-MOV-095615,"Miser, The (L'avare)",0,0.29907706652537946
95746,STAD-MOV-095746,Radio On,0,0.29030768902012405
95941,STAD-MOV-095941,Carbon Nation,0,0.014254030720630449
95961,STAD-MOV-095961,Morning of the Earth,0,0.08236751063010796
95967,STAD-MOV-095967,Marriage Retreat,0,0.10530414338643972
95982,STAD-MOV-095982,"Killing Machine, The (Icarus)",0,0.20869316730295576
96200,STAD-MOV-096200,War of the Dead - Stone's War (2011),0,0.005211209994908046
96302,STAD-MOV-096302,War of the Arrows (Choi-jong-byeong-gi Hwal),0,0.09755811795698721
96367,STAD-MOV-096367,Hit and Run (Hit & Run),0,0.21761645042961764
96469,STAD-MOV-096469,Dara Ó Briain Talks Funny: Live in London,0,0.1986686890702385
96479,STAD-MOV-096479,Nocturno 29,0,0.011791521882554893
96565,STAD-MOV-096565,Bachelorette,0,0.08480770902716925
96592,STAD-MOV-096592,Hello I Must Be Going,0,0.1516503870006257
96697,STAD-MOV-096697,"Walk Softly, Stranger",0,0.1429988888019879
96762,STAD-MOV-096762,Detropia,0,0.013180912976843545
96983,STAD-MOV-096983,Remorques (Stormy Waters),0,0.1091213135986616
97005,STAD-MOV-097005,Just Add Water,0,0.314764452157504
97008,STAD-MOV-097008,"Return of the Prodigal Son, The (Návrat ztraceného syna)",0,0.1493143830908056
97031,STAD-MOV-097031,"Goke, Body Snatcher from Hell (Kyuketsuki Gokemidoro)",0,0.15925671154808083
97055,STAD-MOV-097055,7 Below (Seven Below),0,0.08827625221785164
97194,STAD-MOV-097194,"Thing: Terror Takes Shape, The",0,0.08549664436747444
97250,STAD-MOV-097250,Charlie Chan in London,0,0.06950486507536142
97300,STAD-MOV-097300,Björk: Volumen,0,0.19372235934152549
97302,STAD-MOV-097302,Madame Tutli-Putli,0,0.11459036134015102
97393,STAD-MOV-097393,"House I Live In, The",0,0.013180912976843545
97395,STAD-MOV-097395,West of Memphis,0,0.013180912976843545
97732,STAD-MOV-097732,Tom & Thomas,0,0.4418327078025164
97799,STAD-MOV-097799,Like Dandelion Dust,0,0.12891823531966842
97897,STAD-MOV-097897,Kounterfeit,0,0.6425549415466412
97955,STAD-MOV-097955,Gable: The King Remembered,0,0.0836149453059026
98043,STAD-MOV-098043,Fate of a Man (Sudba cheloveka),0,0.13815892037801702
98189,STAD-MOV-098189,"Moth Diaries, The",0,0.11446216216425052
98296,STAD-MOV-098296,Deadfall,0,0.15894055511482966
98328,STAD-MOV-098328,Chronicle of My Mother (Waga haha no ki),0,0.05706909017165413
98385,STAD-MOV-098385,Jungle de Ikou (Jungre de Ikou),0,0.12621842878650263
98493,STAD-MOV-098493,To Kill with Intrigue (Jian hua yan yu Jiang Nan),0,0.22281696717030847
98523,STAD-MOV-098523,Arcade,0,0.40102919248721935
98619,STAD-MOV-098619,L'instant et la patience (1994),0,0.00017128340428460532
98834,STAD-MOV-098834,"Fitzgerald Family Christmas, The",0,0.05485757933461103
98856,STAD-MOV-098856,Heroic Cops (Jing wang shuang xiong),0,0.24158785571540914
98913,STAD-MOV-098913,Violeta Went to Heaven (Violeta se fue a los cielos),0,0.05706909017165413
98965,STAD-MOV-098965,Consuming Spirits,0,0.09737347300939561
99028,STAD-MOV-099028,Frenchmen (Le coeur des hommes),0,0.3647465113258958
99054,STAD-MOV-099054,"Ring Finger, The (L'annulaire)",0,0.14934563607513582
99126,STAD-MOV-099126,"Public Woman, The (Femme publique, La)",0,0.2884729625423992
99249,STAD-MOV-099249,"Marine Story, A",0,0.059364155397659435
99384,STAD-MOV-099384,How to Stop Being a Loser,0,0.08821865615749971
99491,STAD-MOV-099491,Booker's Place: A Mississippi Story,0,0.03413930894540233
99594,STAD-MOV-099594,Offender,0,0.1558784483630135
99613,STAD-MOV-099613,Private Romeo,0,0.05706909017165413
99811,STAD-MOV-099811,Beware of Mr. Baker,0,0.013180912976843545
99843,STAD-MOV-099843,Mea Maxima Culpa: Silence in the House of God,0,0.013180912976843545
99960,STAD-MOV-099960,Nursery University,0,0.03404107434090241
100083,STAD-MOV-100083,Movie 43,0,0.08151683440646323
100089,STAD-MOV-100089,Star Wars Uncut: Director's Cut,0,0.05919024944486147
100196,STAD-MOV-100196,Tom Petty and the Heartbreakers: Runnin' Down a Dream,0,0.07067240966321933
100268,STAD-MOV-100268,Un vampiro para dos,0,0.11835954106073908
100397,STAD-MOV-100397,"ABCs of Death, The",0,0.04575953598364223
100651,STAD-MOV-100651,Breaking the Surface: The Greg Louganis Story,0,0.30634716366187337
100741,STAD-MOV-100741,Sixtynine (69),0,0.15437402264784325
100906,STAD-MOV-100906,Maniac Cop 2,0,0.5115302489490436
100942,STAD-MOV-100942,Gunfighter's Moon,0,0.32010577695811276
101006,STAD-MOV-101006,"Aral, Fishing in an Invisible Sea",0,0.03966408143270283
101064,STAD-MOV-101064,Verboten!,0,0.16034286242171802
101170,STAD-MOV-101170,"Borrowers, The",0,0.34108362148064775
101210,STAD-MOV-101210,"Silence, The (Das letzte Schweigen)",0,0.17092394528062343
101218,STAD-MOV-101218,Leviathan,0,0.013180912976843545
101260,STAD-MOV-101260,StarStruck,0,0.08107766796978438
101262,STAD-MOV-101262,Geek Charming,0,0.08821865615749971
101287,STAD-MOV-101287,"Red Spectacles, The (Jigoku no banken: akai megane)",0,0.4893040419010857
101402,STAD-MOV-101402,Riders of the Purple Sage,0,0.39868415730635054
101423,STAD-MOV-101423,Mezzo Forte,0,0.3941902252659281
101468,STAD-MOV-101468,"Cottage, The",0,0.11119419339778766
101505,STAD-MOV-101505,30 Beats,0,0.1458063280717874
101648,STAD-MOV-101648,"Flat, The",0,0.013707119977176592
101672,STAD-MOV-101672,Dr. Dolittle 3,0,0.4810778127021641
101823,STAD-MOV-101823,Poor White Trash,0,0.34102893268194306
101991,STAD-MOV-101991,"H-Man, The (Bijo to Ekitainingen)",0,0.31637427800368334
102049,STAD-MOV-102049,Mexican Hayride,0,0.09537700666000024
102113,STAD-MOV-102113,One-Eyed Monster,0,0.325287498660356
102158,STAD-MOV-102158,Three Degrees Colder (3° kälter),0,0.25512214603149114
102174,STAD-MOV-102174,Day of the Falcon,0,0.14051946371686402
102325,STAD-MOV-102325,Number Two (Numéro deux),0,0.2127818473389933
102373,STAD-MOV-102373,"Tomorrow, the World!",0,0.09831435498407151
102376,STAD-MOV-102376,Enter the Phoenix (Da lao ai mei li),0,0.34815807490320055
102429,STAD-MOV-102429,"Little Thief, The (La petite voleuse)",0,0.417433005424375
102529,STAD-MOV-102529,"Harvest: 3,000 Years (Mirt Sost Shi Amit)",0,0.21558283468343564
102751,STAD-MOV-102751,Bastards of the Party,0,0.0381799734415579
102765,STAD-MOV-102765,Bush Mama,0,0.2204607498492941
102817,STAD-MOV-102817,Cell Count,0,0.10874618150915204
102980,STAD-MOV-102980,Opera Jawa,0,0.10840557512685657
103048,STAD-MOV-103048,"Kings of Summer, The",0,0.08151683440646323
103112,STAD-MOV-103112,Perfumed Nightmare,0,0.26632225046403757
103286,STAD-MOV-103286,Shark Alarm at Müggelsee (Hai Alarm am Müggelsee),0,0.08151683440646323
103308,STAD-MOV-103308,Känd från TV,0,0.2491290201616453
103460,STAD-MOV-103460,Ghoulies III: Ghoulies Go to College,0,0.35310589916284196
103483,STAD-MOV-103483,V/H/S/2,0,0.08473738636810627
103519,STAD-MOV-103519,American Samurai (Ninja: American Samurai),0,0.3186274119566151
103671,STAD-MOV-103671,Joker,0,0.08480770902716925
103673,STAD-MOV-103673,Gitmo,0,0.0381799734415579
103736,STAD-MOV-103736,Scenic Route,0,0.12059269549960695
103821,STAD-MOV-103821,"Death of the Incredible Hulk, The",0,0.31217391202446315
103867,STAD-MOV-103867,Night Train To Lisbon,0,0.14815570993429233
104061,STAD-MOV-104061,Battle for Brooklyn,0,0.013707119977176592
104236,STAD-MOV-104236,Criminal Justice,0,0.3463599431178492
104243,STAD-MOV-104243,Riddick,1,0.7416954443544267
104356,STAD-MOV-104356,Museum Hours,0,0.05272696240684138
104508,STAD-MOV-104508,Dieta mediterránea,0,0.3123266283782516
104608,STAD-MOV-104608,Autopsy,0,0.11338070532478295
104736,STAD-MOV-104736,Closed Circuit,0,0.09708480881095873
104800,STAD-MOV-104800,Schwarze Sonne,0,0.08549664436747444
104841,STAD-MOV-104841,Gravity,1,0.5782068157661958
104903,STAD-MOV-104903,Good Vibrations,0,0.05397837215717772
104959,STAD-MOV-104959,Aurora Borealis,0,0.25512214603149114
104990,STAD-MOV-104990,"Jerk Theory, The",0,0.1918859322696231
105057,STAD-MOV-105057,Saint Joan,0,0.11363426909502068
105068,STAD-MOV-105068,Hawking,0,0.012677328484780774
105159,STAD-MOV-105159,Alps (Alpeis),0,0.05706909017165413
105197,STAD-MOV-105197,Nebraska,1,0.13040690208686645
105211,STAD-MOV-105211,Enough Said,1,0.14653384211350157
105234,STAD-MOV-105234,Wanda Sykes: Sick and Tired,0,0.1333364574150826
105238,STAD-MOV-105238,New Town Killers,0,0.1336614691582577
105246,STAD-MOV-105246,Mood Indigo (L'écume des jours),0,0.09455510498750215
105279,STAD-MOV-105279,Adventures of Kitty O'Day (Kitty O'Day Comes Through),0,0.1603588899461875
105328,STAD-MOV-105328,America the Beautiful 2: The Thin Commandments (2011),0,0.00017128340428460532
105463,STAD-MOV-105463,Alice Upside Down (Alice),0,0.5483599162776464
105477,STAD-MOV-105477,Talaash,0,0.10085026426971183
105665,STAD-MOV-105665,Dances With the Dragons ( Yu long gong wu),0,0.5199483986993944
105720,STAD-MOV-105720,"Thief of Paris, The (Le voleur)",0,0.21652377987215884
105805,STAD-MOV-105805,Episode 3: Enjoy Poverty,0,0.06908941504753109
105819,STAD-MOV-105819,Back to the Secret Garden,0,0.5941263370156348
105833,STAD-MOV-105833,Bloody New Year,0,0.23682351694027892
105846,STAD-MOV-105846,Only Daughter,0,0.05272696240684138
105849,STAD-MOV-105849,"Trouble with the Truth, The",0,0.10540043079716369
105890,STAD-MOV-105890,"White Dwarf, The (Valkoinen kääpiö)",0,0.04350254724447101
106052,STAD-MOV-106052,Death by China (2012),0,0.00017128340428460532
106054,STAD-MOV-106054,Het Vonnis,0,0.09562586612037788
106057,STAD-MOV-106057,Wind with the Gone (El viento se llevó lo qué),0,0.43398318532884983
106355,STAD-MOV-106355,Apartment 4E (2012),0,0.0006794288809676187
106460,STAD-MOV-106460,Curse of the Oily Man (Sumpah orang minyak) (1956),0,0.0012969991365940072
106508,STAD-MOV-106508,"Dyatlov Pass Incident, The (Devil's Pass)",0,0.10258181248950067
106592,STAD-MOV-106592,"Happy Poet, The",0,0.16232276567074344
106753,STAD-MOV-106753,Shed No Tears (Känn ingen sorg),0,0.08611825599819459
106967,STAD-MOV-106967,"April Fools, The",0,0.2356355097970975
107032,STAD-MOV-107032,Route 666,0,0.37748842865218835
107069,STAD-MOV-107069,Lone Survivor,1,0.23122855755967422
107130,STAD-MOV-107130,"Adventure in Space and Time, An",0,0.05272696240684138
107196,STAD-MOV-107196,Is the Man Who Is Tall Happy?,0,0.02242257890290853
107234,STAD-MOV-107234,Deadly Surveillance,0,0.5793072917845257
107274,STAD-MOV-107274,"Deep, The (Djúpið)",0,0.05485757933461103
107338,STAD-MOV-107338,Dampfnudelblues,0,0.12429337624880459
107370,STAD-MOV-107370,Footprints on the Moon (Le orme) (Primal Impulse),0,0.33111665963080783
107460,STAD-MOV-107460,La guerre des tuques,0,0.6962265849284724
107499,STAD-MOV-107499,"Vida precoz y breve de Sabina Rivas, La (Precocious and Brief Life of Sabina Rivas, The)",0,0.19019033877772706
107603,STAD-MOV-107603,Heiter bis wolkig,0,0.1516503870006257
107643,STAD-MOV-107643,Here Without Me (Inja bedoone man),0,0.14191685980090504
107716,STAD-MOV-107716,"Citizen, The",0,0.05485757933461103
107853,STAD-MOV-107853,Scorching Winds (Garm Hava) (Garam Hawa),0,0.20998381733628588
107966,STAD-MOV-107966,Caught,0,0.2837287592395925
107980,STAD-MOV-107980,"Railway Man, The",0,0.05272696240684138
107982,STAD-MOV-107982,Sand Sharks,0,0.27548800041769755
107984,STAD-MOV-107984,Massacre Canyon,0,0.04500294245087885
107987,STAD-MOV-107987,Diana,0,0.09764974074948601
108001,STAD-MOV-108001,To Tulsa and Back: On Tour with J.J. Cale,0,0.0381799734415579
108076,STAD-MOV-108076,"Other Shore, The",0,0.05139162704422706
108192,STAD-MOV-108192,Hotel Chevalier (Part 1 of 'The Darjeeling Limited'),0,0.1387215405245036
108253,STAD-MOV-108253,Shadow Puppets,0,0.2399561039989262
108282,STAD-MOV-108282,"First Power, The",0,0.5321289310260534
108316,STAD-MOV-108316,American Scary,0,0.1376229910015312
108407,STAD-MOV-108407,Yanco (1961),0,0.0006154545936397546
108466,STAD-MOV-108466,Curse of the Ring (Ring of the Nibelungs),0,0.49129592170374
108499,STAD-MOV-108499,True Confession,0,0.060656360870546
108522,STAD-MOV-108522,"Goebbels Experiment, The (Das Goebbels Experiment)",0,0.0381799734415579
108542,STAD-MOV-108542,Wyoming Renegades,0,0.07307119627429506
108674,STAD-MOV-108674,Bachelor Apartment,0,0.1001456363202004
108687,STAD-MOV-108687,Gas,0,0.30418801548994584
108694,STAD-MOV-108694,Yu-Gi-Oh!: Bonds Beyond Time (Gekijouban Yuugiou: Chouyuugou! Jikuu o koeta kizuna),0,0.05275732761472119
108752,STAD-MOV-108752,Headquarters (Päämaja) (1970),0,0.0001251154328492631
108852,STAD-MOV-108852,Behind Enemy Lines,0,0.5535789254263074
108899,STAD-MOV-108899,Gloria,0,0.09732988496627072
108924,STAD-MOV-108924,Best of the Badmen,0,0.04216864126094806
108942,STAD-MOV-108942,Dirty Story,0,0.04474233837438588
109066,STAD-MOV-109066,You Ain't Seen Nothin' Yet (Vous n'avez encore rien vu),0,0.05485757933461103
109069,STAD-MOV-109069,"Lost Reels of Pancho Villa, The (Los rollos perdidos de Pancho Villa)",0,0.041203402155547866
109315,STAD-MOV-109315,A Mulher Invisível,0,0.1918859322696231
109392,STAD-MOV-109392,Blind Massage (Tui na),0,0.05067467260431849
109425,STAD-MOV-109425,Dug's Special Mission,0,0.30671957356985485
109430,STAD-MOV-109430,Happy End,0,0.05706909017165413
109565,STAD-MOV-109565,Väreitä,0,0.027088487778043104
109667,STAD-MOV-109667,Great Freedom No. 7 (Port of Freedom) (Große Freiheit Nr. 7),0,0.20150669372726168
109671,STAD-MOV-109671,Shinobi No Mono 3: Resurrection (Shin shinobi no mono),0,0.13412768498951927
109728,STAD-MOV-109728,Kai Po Che!,0,0.05272696240684138
109767,STAD-MOV-109767,Toomorrow,0,0.43850624594251086
109779,STAD-MOV-109779,Choppertown: The Sinners,0,0.26968301291350516
109812,STAD-MOV-109812,Romance in a Minor Key (Romanze in Moll),0,0.11908849585888762
109858,STAD-MOV-109858,Entre ses mains,0,0.38701137439128835
109925,STAD-MOV-109925,"It Is Written in the Stars, Inspector Palmu (Tähdet kertovat, komisario Palmu)",0,0.16242465937267103
109939,STAD-MOV-109939,Sniper: Reloaded (2011),0,0.0018892691235556892
110090,STAD-MOV-110090,Bloodfist,0,0.24417623622065882
110269,STAD-MOV-110269,My Way Home (Így jöttem) (1965),0,0.0006154545936397546
110293,STAD-MOV-110293,Table 7,0,0.015177526658921208
110312,STAD-MOV-110312,Bobcat Goldthwait: You Don't Look the Same Either,0,0.08480770902716925
110324,STAD-MOV-110324,"Missing Picture, The (L'image manquante)",0,0.012677328484780774
110350,STAD-MOV-110350,Free to Play,0,0.012193249987252495
110368,STAD-MOV-110368,Barabbas,0,0.10544581200364177
110501,STAD-MOV-110501,The Raid 2: Berandal,1,0.23171721257591155
110633,STAD-MOV-110633,Arsène Lupin,0,0.058589815735815044
110686,STAD-MOV-110686,Breaking Point,0,0.4205219962418287
110763,STAD-MOV-110763,Made for Each Other,0,0.1927571847063265
110798,STAD-MOV-110798,Ikigami,0,0.3969303573228629
110892,STAD-MOV-110892,Mortified Nation,0,0.04791195675562899
111144,STAD-MOV-111144,Alpha and Omega 2: A Howl-iday Adventure (Alpha & Omega 2),0,0.39821600208067753
111259,STAD-MOV-111259,Good People,0,0.11594416319698564
111517,STAD-MOV-111517,10.000 Km (Long Distance),0,0.09397481891845418
111519,STAD-MOV-111519,Johnny Express,0,0.024838562143698468
111601,STAD-MOV-111601,Die Fischerin,0,0.05067467260431849
111614,STAD-MOV-111614,El chocolate del loro,0,0.2275897404557689
111659,STAD-MOV-111659,Maleficent,1,0.7273955181292291
111716,STAD-MOV-111716,Backfire,0,0.2553944286203705
111961,STAD-MOV-111961,Cinderella,0,0.5890677479585017
112062,STAD-MOV-112062,Camille Claudel 1915,0,0.05272696240684138
112138,STAD-MOV-112138,22 Jump Street,1,0.18441290759199377
112281,STAD-MOV-112281,I Do,0,0.05485757933461103
112406,STAD-MOV-112406,Brazil: In the Shadow of the Stadiums,0,2.4563266891883185e-05
112444,STAD-MOV-112444,Wild Beasts (Wild beasts - Belve feroci),0,0.2069992961931945
112458,STAD-MOV-112458,"Son-Daughter, The",0,0.061464448213901846
112577,STAD-MOV-112577,Willie & Phil,0,0.41517674828869094
112672,STAD-MOV-112672,Bullet for a Badman (Renegade Posse),0,0.06141909073113544
112764,STAD-MOV-112764,"Last Taboo, The",0,0.0021987994550876203
112800,STAD-MOV-112800,Ride Beyond Vengeance,0,0.0637379165922598
112959,STAD-MOV-112959,Go for Sisters,0,0.09562586612037788
113122,STAD-MOV-113122,"Girl Who Talked to Dolphins, The",0,0.0021331171406616424
113457,STAD-MOV-113457,Can I Do It 'Till I Need Glasses?,0,0.2163413848745873
113507,STAD-MOV-113507,"Wise Guys, The (Les grandes gueules)",0,0.179037470379561
113567,STAD-MOV-113567,Make Your Move,0,0.03851258612262288
113816,STAD-MOV-113816,Never Make It Home,0,0.027671227116211415
113906,STAD-MOV-113906,"Beast Must Die, The",0,0.15537039280584508
114007,STAD-MOV-114007,Before I Go to Sleep,0,0.09892675027284704
114011,STAD-MOV-114011,"New Rulers of the World, The",0,0.04445519233289936
114017,STAD-MOV-114017,Career,0,0.11771283095517211
114028,STAD-MOV-114028,Pride,0,0.09354819087584659
114072,STAD-MOV-114072,Cheech and Chong's Animated Movie,0,0.06529541908497917
114074,STAD-MOV-114074,"Skeleton Twins, The",0,0.05067467260431849
114124,STAD-MOV-114124,Newsfront,0,0.21909126329997383
114182,STAD-MOV-114182,No Good Deed,0,0.10490261620089994
114193,STAD-MOV-114193,Hollywood and The Pentagon: A Dangerous Liaison,0,0.0066388723901238626
114252,STAD-MOV-114252,Thomasine & Bushrod,0,0.2142747955832407
114378,STAD-MOV-114378,CBGB,0,0.05272696240684138
114392,STAD-MOV-114392,"Homesman, The",0,0.05552622008073462
114489,STAD-MOV-114489,"Occupants, The",0,0.10490261620089994
114696,STAD-MOV-114696,Hollywood or Bust,0,0.17962588870420326
114766,STAD-MOV-114766,SS Experiment Love Camp (Lager SSadis Kastrat Kommandantur),0,0.17550506953678824
114883,STAD-MOV-114883,Gold of Rome (L'oro di Roma),0,0.13495289385900366
114906,STAD-MOV-114906,"Magic of Ordinary Days, The",0,0.14934563607513582
115119,STAD-MOV-115119,Rabbit,0,0.10194707175107562
115203,STAD-MOV-115203,"Culture High, The",0,0.012193249987252495
115256,STAD-MOV-115256,Charlie Chan in City in Darkness,0,0.16731605483661507
115475,STAD-MOV-115475,Blackbird,0,0.05485757933461103
115604,STAD-MOV-115604,"Chorus, The (Hamsarayan)",0,0.29037117005487156
115653,STAD-MOV-115653,Blue Denim,0,0.11771283095517211
115676,STAD-MOV-115676,Hard Sun,0,0.09397481891845418
115772,STAD-MOV-115772,Crimes Against Humanity,0,0.07834272739331563
115923,STAD-MOV-115923,Seal Team Eight: Behind Enemy Lines,0,0.14001984239183063
115955,STAD-MOV-115955,Category 7: The End of the World,0,0.08788773902747887
116008,STAD-MOV-116008,Everything Will Be Fine,0,0.13507592677728514
116098,STAD-MOV-116098,Passeio com Johnny Guitar,0,0.02054767057789575
116485,STAD-MOV-116485,The Skinny,0,0.1516503870006257
116770,STAD-MOV-116770,Last Passenger,0,0.18450958886313015
116835,STAD-MOV-116835,Samson & Sally,0,0.4114811554486783
116861,STAD-MOV-116861,The Gilded Cage,0,0.08151683440646323
116905,STAD-MOV-116905,Patema Inverted,0,0.3830193736222503
116915,STAD-MOV-116915,Arcana,0,0.18570082483345055
116957,STAD-MOV-116957,The Reunion,0,0.05272696240684138
117129,STAD-MOV-117129,Alucarda,0,0.27679404953724907
117424,STAD-MOV-117424,Nothing But the Night,0,0.36312811408870593
117442,STAD-MOV-117442,The Monkey King,0,0.7273955181292291
117478,STAD-MOV-117478,Pressed,0,0.23636177726012061
117572,STAD-MOV-117572,Hit by Lightning,0,0.1676017039686106
117588,STAD-MOV-117588,The 39 Steps,0,0.3308262391613746
117630,STAD-MOV-117630,Double Trouble,0,0.5220167785266173
117640,STAD-MOV-117640,Dr. Gillespie's New Assistant,0,0.11571093724691497
117690,STAD-MOV-117690,Enchantment,0,0.1315455916749915
117875,STAD-MOV-117875,Just a Sigh,0,0.09764974074948601
117877,STAD-MOV-117877,The Rabbi's Cat (Le chat du rabbin),0,0.07894138103866545
117979,STAD-MOV-117979,Blackmailed,0,0.2554030028909995
118008,STAD-MOV-118008,An Alligator Named Daisy,0,0.22691266676337574
118198,STAD-MOV-118198,The Green Prince,0,0.07010896471160966
118462,STAD-MOV-118462,Grant Morrison: Talking with Gods,0,0.014254030720630449
118568,STAD-MOV-118568,The Flower in His Mouth,0,0.22283108106972957
118734,STAD-MOV-118734,Zorro,0,0.32861659793204223
118784,STAD-MOV-118784,Good Copy Bad Copy,0,0.035370209537655004
118816,STAD-MOV-118816,Public Sex,0,0.22413032427519602
118856,STAD-MOV-118856,Paris by Night,0,0.09930361294779554
118864,STAD-MOV-118864,A Husband of Round Trip,0,0.08652469899248798
118882,STAD-MOV-118882,1981,0,0.3123266283782516
118920,STAD-MOV-118920,Butterfly Girl,0,0.012193249987252495
118924,STAD-MOV-118924,Top Five,0,0.07834272739331563
119190,STAD-MOV-119190,Walking on Sunshine,0,0.06914836342487095
119196,STAD-MOV-119196,Heartbeat,0,0.06200037196482852
119210,STAD-MOV-119210,How Hitler Lost the War,0,0.08732267104336627
119218,STAD-MOV-119218,The Punisher: Dirty Laundry,0,0.028995030065157194
119615,STAD-MOV-119615,Even Angels Eat Beans,0,0.260901557049409
119645,STAD-MOV-119645,Falling Awake,0,0.3126799828538113
119691,STAD-MOV-119691,Alice in Murderland,0,0.09576322297877748
119820,STAD-MOV-119820,Silent Action,0,0.2673157978306601
120076,STAD-MOV-120076,Fame High,0,0.013180912976843545
120128,STAD-MOV-120128,Everything I Can See From Here,0,0.2928113383377339
120146,STAD-MOV-120146,Boats,0,0.08151683440646323
120476,STAD-MOV-120476,Implanted,0,0.2811930410340532
120623,STAD-MOV-120623,3 Simoa,0,0.08480770902716925
120631,STAD-MOV-120631,Out of the Clear Blue Sky,0,0.013180912976843545
120781,STAD-MOV-120781,Nocturna,0,0.6105798066483641
120793,STAD-MOV-120793,The Vixen,0,0.14648686747032333
120809,STAD-MOV-120809,Come Dance with Me!,0,0.16414324592627896
120885,STAD-MOV-120885,Me and My Sister,0,0.3332331661604858
120907,STAD-MOV-120907,Love is Eternal While It Lasts,0,0.3544707346861996
120913,STAD-MOV-120913,"Big, Large and Verdone",0,0.1986686890702385
121171,STAD-MOV-121171,Red Army,0,0.012193249987252495
121407,STAD-MOV-121407,Child of Rage,0,0.3718042938847696
121545,STAD-MOV-121545,Lisztomania,0,0.3139302971640507
121600,STAD-MOV-121600,Bosko's Parlor Pranks,0,0.018112671897410077
121973,STAD-MOV-121973,Jungle Man-Eaters,0,0.11698336110269289
122199,STAD-MOV-122199,The Feathered Serpent,0,0.24197933708723623
122210,STAD-MOV-122210,Jim Norton: Please Be Offended,0,0.08480770902716925
122292,STAD-MOV-122292,Merlin's Apprentice,0,0.04611972592499491
122371,STAD-MOV-122371,Let the Good Times Roll,0,0.0832812681519953
122623,STAD-MOV-122623,Oliver Twist,0,0.3783676028249982
122807,STAD-MOV-122807,Just 4 Kicks,0,0.22407267707521236
122942,STAD-MOV-122942,The Identical,0,0.05067467260431849
123172,STAD-MOV-123172,Winter Break,0,0.2686693413562263
123419,STAD-MOV-123419,Private Detective 62,0,0.10690456924236152
123579,STAD-MOV-123579,That Certain Woman,0,0.08549082608405248
123600,STAD-MOV-123600,Tribes,0,0.1979614102616001
123609,STAD-MOV-123609,Goldengirl,0,0.01437748454033993
123655,STAD-MOV-123655,Sybil,0,0.1336614691582577
124298,STAD-MOV-124298,Hider in the House,0,0.3698745171466131
124358,STAD-MOV-124358,The Lone Wolf Spy Hunt,0,0.007153959453608007
124851,STAD-MOV-124851,Delirium,0,0.32225453550974525
124861,STAD-MOV-124861,Dinosaur 13,0,0.1378371590836557
125079,STAD-MOV-125079,Sittin' on a Backyard Fence,0,0.006316491473506331
125481,STAD-MOV-125481,In Cold Blood,0,0.07033675004657278
125531,STAD-MOV-125531,Fun on a Weekend,0,0.010261095057294327
125545,STAD-MOV-125545,The Divine Move,0,0.15363030008918457
125878,STAD-MOV-125878,Isi & Disi: Amor a lo bestia,0,0.009173882900221114
125952,STAD-MOV-125952,"I Want a Dog for Christmas, Charlie Brown",0,0.3606745438334616
125970,STAD-MOV-125970,Halloweentown,0,0.7955326984452231
125990,STAD-MOV-125990,Apple Jack,0,0.2686693413562263
126008,STAD-MOV-126008,Signs,0,0.1961129989524994
126060,STAD-MOV-126060,Suur Tõll,0,0.020337213333327206
126080,STAD-MOV-126080,"Hen, his wife",0,0.02377959455888577
126130,STAD-MOV-126130,Special Delivery,0,0.009812339980740162
126144,STAD-MOV-126144,Human Touch,0,0.14934563607513582
126166,STAD-MOV-126166,Lightspeed,0,0.43261392913789665
126405,STAD-MOV-126405,The Adventures of André and Wally B.,0,0.09904116159336053
126591,STAD-MOV-126591,The Humanoid,0,0.24542190134785916
126733,STAD-MOV-126733,Help! I'm A Fish,0,0.35651333836133203
126773,STAD-MOV-126773,Story of My Death,0,0.05272696240684138
126935,STAD-MOV-126935,Garlic Is As Good As Ten Mothers,0,0.020337213333327206
127007,STAD-MOV-127007,The Shoe,0,0.019483858497458182
127015,STAD-MOV-127015,The Man Who Lived Again,0,0.0736620916066686
127130,STAD-MOV-127130,Mistress America,0,0.07528209299407403
127132,STAD-MOV-127132,Zipper,0,0.11142907235317107
127160,STAD-MOV-127160,In Football We Trust,0,0.01172743626786559
127162,STAD-MOV-127162,Most Likely to Succeed,0,0.03248278552729154
127194,STAD-MOV-127194,The D Train,0,0.07528209299407403
127198,STAD-MOV-127198,Dope,0,0.08989879862529364
127242,STAD-MOV-127242,Dangerous Liaisons,0,0.04073360697458604
127319,STAD-MOV-127319,The Loft,0,0.10490261620089994
127433,STAD-MOV-127433,High School Hellcats,0,0.1611461404378829
127567,STAD-MOV-127567,Landscape Suicide,0,0.3809823312167096
127640,STAD-MOV-127640,I Start Counting,0,0.28430069823974885
127654,STAD-MOV-127654,Relationship Status: It's Complicated,0,0.1350384548122119
127669,STAD-MOV-127669,Guendalina,0,0.1029223268985654
127728,STAD-MOV-127728,Back Soon,0,0.2393090821147479
128445,STAD-MOV-128445,"Legend of Lizzie Borden, The",0,0.2127818473389933
128447,STAD-MOV-128447,Little Accidents,0,0.05067467260431849
128530,STAD-MOV-128530,Marilyn: The Untold Story,0,0.10974841904072193
128550,STAD-MOV-128550,SOS - en segelsällskapsresa,0,0.3348279201580639
128572,STAD-MOV-128572,Nils Karlsson Pyssling,0,0.40598504964135135
128618,STAD-MOV-128618,Cloud 9,0,0.2316275525636552
128717,STAD-MOV-128717,One Last Hug,0,0.012193249987252495
128836,STAD-MOV-128836,The Ghosts in Our Machine,0,0.012677328484780774
128968,STAD-MOV-128968,Stitch! The Movie,0,0.3606745438334616
128985,STAD-MOV-128985,The Stone Council,0,0.6574115394676533
129017,STAD-MOV-129017,The Man in the Orange Jacket,0,0.09149323542409273
129415,STAD-MOV-129415,The Magic Flute,0,0.22355721717423177
129430,STAD-MOV-129430,Murder on Monday,0,0.14773400661521235
129640,STAD-MOV-129640,66 Scenes From America,0,0.10536709895443583
129657,STAD-MOV-129657,Tracers,0,0.08798477535102882
129786,STAD-MOV-129786,Dhobi Ghat,0,0.05706909017165413
129826,STAD-MOV-129826,LEGO DC Comics Super Heroes: Justice League vs. Bizarro League,0,0.31517869550012323
130062,STAD-MOV-130062,Darling,0,0.1387215405245036
130338,STAD-MOV-130338,Silent Sonata,0,0.1278992760007188
130390,STAD-MOV-130390,Contract Killers,0,0.5594565301619031
130424,STAD-MOV-130424,The Crown Jewels,0,0.14483287250375154
130458,STAD-MOV-130458,The Pentagon Papers,0,0.31819920080652403
130476,STAD-MOV-130476,The Concert for Bangladesh,0,0.08288226664228639
130644,STAD-MOV-130644,The Garden of Sinners - Chapter 5: Paradox Paradigm,0,0.06019408224837928
130656,STAD-MOV-130656,The 21 Carat Snatch,0,0.21934855927754449
131076,STAD-MOV-131076,Süperseks,0,0.2275897404557689
131120,STAD-MOV-131120,Superstar Goofy,0,0.5474823934150491
131122,STAD-MOV-131122,Love Exposure,0,0.3797995110790169
