movieId,title_id,canonical_title,target,xgboost_probability
38,STAD-MOV-000038,It Takes Two,1,0.7342658357234255
116,STAD-MOV-000116,Anne Frank Remembered,1,0.1438972747712409
138,STAD-MOV-000138,"Neon Bible, The",0,0.4004671579185768
147,STAD-MOV-000147,"Basketball Diaries, The",1,0.4004671579185768
183,STAD-MOV-000183,Mute Witness,1,0.5705569505609552
205,STAD-MOV-000205,Unstrung Heroes,1,0.5438857665966597
213,STAD-MOV-000213,Burnt by the Sun (Utomlyonnye solntsem),1,0.3954238080983725
218,STAD-MOV-000218,Boys on the Side,1,0.5438857665966597
220,STAD-MOV-000220,Castle Freak,1,0.38481656563459027
236,STAD-MOV-000236,French Kiss,1,0.504829637966318
237,STAD-MOV-000237,Forget Paris,1,0.5982937373786208
252,STAD-MOV-000252,I.Q.,1,0.5896103811429739
253,STAD-MOV-000253,Interview with the Vampire: The Vampire Chronicles,1,0.4673185810395449
262,STAD-MOV-000262,"Little Princess, A",1,0.5936836846900042
281,STAD-MOV-000281,Nobody's Fool,1,0.611785769438138
284,STAD-MOV-000284,New York Cop (Nyû Yôku no koppu),0,0.5246141338828922
287,STAD-MOV-000287,Nina Takes a Lover,0,0.5896103811429739
325,STAD-MOV-000325,National Lampoon's Senior Trip,1,0.46158236547314435
355,STAD-MOV-000355,"Flintstones, The",1,0.7061625415161499
420,STAD-MOV-000420,Beverly Hills Cop III,1,0.573364049189089
431,STAD-MOV-000431,Carlito's Way,1,0.525658672040152
449,STAD-MOV-000449,Fear of a Black Hat,1,0.4526474083294769
499,STAD-MOV-000499,Mr. Wonderful,1,0.5727161495580587
505,STAD-MOV-000505,North,1,0.4526474083294769
531,STAD-MOV-000531,"Secret Garden, The",1,0.5802993328778201
560,STAD-MOV-000560,"Beans of Egypt, Maine, The",0,0.3954238080983725
608,STAD-MOV-000608,Fargo,1,0.5296266326345547
681,STAD-MOV-000681,Coup de torchon (Clean Slate),1,0.21636732207441917
690,STAD-MOV-000690,"Promise, The (Versprechen, Das)",0,0.5477321329132946
726,STAD-MOV-000726,Last Dance,1,0.3832905834834824
770,STAD-MOV-000770,Costa Brava,0,0.04784894049565529
828,STAD-MOV-000828,"Adventures of Pinocchio, The",1,0.6076283458069112
831,STAD-MOV-000831,Stonewall,0,0.4004671579185768
844,STAD-MOV-000844,"Story of Xinghua, The (Xinghua san yue tian)",0,0.3954238080983725
850,STAD-MOV-000850,Cyclo (Xich lo),1,0.5399649832844965
860,STAD-MOV-000860,"Maybe, Maybe Not (Bewegte Mann, Der)",0,0.4526474083294769
865,STAD-MOV-000865,Small Faces,0,0.3832905834834824
866,STAD-MOV-000866,Bound,1,0.587184110254434
894,STAD-MOV-000894,Liebelei,0,0.027561729092734008
920,STAD-MOV-000920,Gone with the Wind,1,0.15271842568078664
924,STAD-MOV-000924,2001: A Space Odyssey,1,0.33691306120887665
932,STAD-MOV-000932,"Affair to Remember, An",1,0.13151119380582194
944,STAD-MOV-000944,Lost Horizon,1,0.04857025117620873
947,STAD-MOV-000947,My Man Godfrey,1,0.12212857620316103
954,STAD-MOV-000954,Mr. Smith Goes to Washington,1,0.07267527776525849
994,STAD-MOV-000994,Big Night,1,0.5343490094904724
1009,STAD-MOV-001009,Escape to Witch Mountain,1,0.4539468362526388
1015,STAD-MOV-001015,Homeward Bound: The Incredible Journey,1,0.6984405952041663
1027,STAD-MOV-001027,Robin Hood: Prince of Thieves,1,0.5372281094439707
1040,STAD-MOV-001040,"Secret Agent, The",0,0.3832905834834824
1041,STAD-MOV-001041,Secrets & Lies,1,0.3832905834834824
1091,STAD-MOV-001091,Weekend at Bernie's,1,0.382463622398636
1093,STAD-MOV-001093,"Doors, The",1,0.27128170075396696
1127,STAD-MOV-001127,"Abyss, The",1,0.8607901496063391
1134,STAD-MOV-001134,Johnny 100 Pesos (Johnny cien pesos),0,0.4792779031369087
1136,STAD-MOV-001136,Monty Python and the Holy Grail,1,0.38126082424499563
1142,STAD-MOV-001142,Get Over It,0,0.07658933330388071
1161,STAD-MOV-001161,"Tin Drum, The (Blechtrommel, Die)",1,0.27385697003139975
1170,STAD-MOV-001170,Best of the Best 3: No Turning Back,0,0.2351319403019119
1186,STAD-MOV-001186,"Sex, Lies, and Videotape",1,0.3169393713011888
1213,STAD-MOV-001213,Goodfellas,1,0.4922927071335291
1231,STAD-MOV-001231,"Right Stuff, The",1,0.2818121455716025
1235,STAD-MOV-001235,Harold and Maude,1,0.23076722876781736
1277,STAD-MOV-001277,Cyrano de Bergerac,1,0.5591510096960286
1289,STAD-MOV-001289,Koyaanisqatsi (a.k.a. Koyaanisqatsi: Life Out of Balance),1,0.1430194018170911
1316,STAD-MOV-001316,Anna,0,0.07658933330388071
1358,STAD-MOV-001358,Sling Blade,1,0.3832905834834824
1382,STAD-MOV-001382,Marked for Death,1,0.4536477512133949
1387,STAD-MOV-001387,Jaws,1,0.10489135275007677
1412,STAD-MOV-001412,Some Mother's Son,1,0.3832905834834824
1438,STAD-MOV-001438,Dante's Peak,1,0.5783851885101707
1485,STAD-MOV-001485,Liar Liar,1,0.41372385148173413
1515,STAD-MOV-001515,Volcano,1,0.3635673965628212
1532,STAD-MOV-001532,Sprung,0,0.41372385148173413
1547,STAD-MOV-001547,Shiloh,0,0.5516482834358445
1612,STAD-MOV-001612,"Kiss Me, Guido",0,0.41372385148173413
1619,STAD-MOV-001619,Seven Years in Tibet,1,0.5372747713570427
1641,STAD-MOV-001641,"Full Monty, The",1,0.4609975679713871
1649,STAD-MOV-001649,"Fast, Cheap & Out of Control",1,0.07607152404796255
1680,STAD-MOV-001680,Sliding Doors,1,0.43966408427801773
1708,STAD-MOV-001708,Ill Gotten Gains,0,0.2635984402713356
1732,STAD-MOV-001732,"Big Lebowski, The",1,0.5334759045765177
1733,STAD-MOV-001733,Afterglow,1,0.4894494618740579
1777,STAD-MOV-001777,"Wedding Singer, The",1,0.5003215926608248
1784,STAD-MOV-001784,As Good as It Gets,1,0.5501168888082513
1805,STAD-MOV-001805,Wild Things,1,0.5213529337654479
1811,STAD-MOV-001811,"Niagara, Niagara",0,0.2635984402713356
1848,STAD-MOV-001848,"Borrowers, The",1,0.7007197216897948
1876,STAD-MOV-001876,Deep Impact,1,0.5687431647191382
1900,STAD-MOV-001900,"Children of Heaven, The (Bacheha-Ye Aseman)",1,0.4609975679713871
1957,STAD-MOV-001957,Chariots of Fire,1,0.26595277274469026
1959,STAD-MOV-001959,Out of Africa,1,0.4601252314118038
1964,STAD-MOV-001964,Klute,1,0.20159834014082967
2011,STAD-MOV-002011,Back to the Future Part II,1,0.5285018575079519
2053,STAD-MOV-002053,"Honey, I Blew Up the Kid",1,0.5780611827066559
2071,STAD-MOV-002071,And the Band Played On,1,0.3813942965387352
2072,STAD-MOV-002072,"'burbs, The",1,0.382463622398636
2081,STAD-MOV-002081,"Little Mermaid, The",1,0.7626875076860876
2107,STAD-MOV-002107,Halloween H20: 20 Years Later (Halloween 7: The Revenge of Laurie Strode),1,0.420902533159967
2116,STAD-MOV-002116,"Lord of the Rings, The",1,0.3179047945554767
2136,STAD-MOV-002136,"Nutty Professor, The",1,0.23120437975638763
2160,STAD-MOV-002160,Rosemary's Baby,1,0.2520219319844291
2163,STAD-MOV-002163,Attack of the Killer Tomatoes!,1,0.14478891301915472
2181,STAD-MOV-002181,Marnie,1,0.23617250953703578
2196,STAD-MOV-002196,Knock Off,1,0.22445851838294426
2239,STAD-MOV-002239,Swept Away (Travolti da un insolito destino nell'azzurro mare d'Agosto),1,0.2335226342541947
2241,STAD-MOV-002241,Class,1,0.35838093371510626
2262,STAD-MOV-002262,About Last Night...,1,0.544296445779292
2272,STAD-MOV-002272,One True Thing,1,0.22555102689789713
2276,STAD-MOV-002276,"Soldier's Daughter Never Cries, A",1,0.22555102689789713
2321,STAD-MOV-002321,Pleasantville,1,0.3894537437804486
2388,STAD-MOV-002388,Steam: The Turkish Bath (Hamam),0,0.4894494618740579
2395,STAD-MOV-002395,Rushmore,1,0.41288913632963903
2397,STAD-MOV-002397,Mass Appeal,0,0.2889269176900996
2421,STAD-MOV-002421,"Karate Kid, Part II, The",1,0.42482648266942763
2425,STAD-MOV-002425,"General, The",1,0.2917078391048299
2435,STAD-MOV-002435,Hurlyburly,1,0.22555102689789713
2455,STAD-MOV-002455,"Fly, The",1,0.652175566723209
2509,STAD-MOV-002509,Eight Days a Week,0,0.41372385148173413
2548,STAD-MOV-002548,"Rage: Carrie 2, The",1,0.2845287403240297
2551,STAD-MOV-002551,Dead Ringers,1,0.5477702707662647
2580,STAD-MOV-002580,Go,1,0.5069271843047471
2597,STAD-MOV-002597,Lost & Found,1,0.47717588119738225
2604,STAD-MOV-002604,Let it Come Down: The Life of Paul Bowles,0,0.0607200841821472
2647,STAD-MOV-002647,House of Frankenstein,0,0.04851415115287311
2669,STAD-MOV-002669,Pork Chop Hill,1,0.07183026561810502
2681,STAD-MOV-002681,Free Enterprise,0,0.40946157482665557
2687,STAD-MOV-002687,Tarzan,1,0.6082635647856701
2688,STAD-MOV-002688,"General's Daughter, The",1,0.48542764590066545
2714,STAD-MOV-002714,"Wood, The",1,0.23498321239007394
2719,STAD-MOV-002719,"Haunting, The",1,0.3782945370126074
2785,STAD-MOV-002785,Tales of Terror,0,0.06811699491771185
2797,STAD-MOV-002797,Big,1,0.4149645756221927
2802,STAD-MOV-002802,Tequila Sunrise,1,0.545877645816974
2828,STAD-MOV-002828,Dudley Do-Right,1,0.6330097638752159
2833,STAD-MOV-002833,Lucie Aubrac,0,0.4876492356704996
2847,STAD-MOV-002847,Only Angels Have Wings,1,0.1754913803223136
2848,STAD-MOV-002848,"Othello (Tragedy of Othello: The Moor of Venice, The)",1,0.22139406078680302
2860,STAD-MOV-002860,Blue Streak,1,0.3516489524671058
2877,STAD-MOV-002877,Tommy,1,0.20685134207599937
2882,STAD-MOV-002882,Jakob the Liar,1,0.23498321239007394
2907,STAD-MOV-002907,Superstar,1,0.3516489524671058
2912,STAD-MOV-002912,"Limey, The",1,0.42645364268863556
2927,STAD-MOV-002927,Brief Encounter,1,0.07502343161759747
2960,STAD-MOV-002960,Beefcake,0,0.23498321239007394
2973,STAD-MOV-002973,Crimes and Misdemeanors,1,0.4579352849228315
3003,STAD-MOV-003003,Train of Life (Train de vie),0,0.4026600446378027
3011,STAD-MOV-003011,"They Shoot Horses, Don't They?",1,0.14682257887624878
3056,STAD-MOV-003056,Oxygen,0,0.42645364268863556
3066,STAD-MOV-003066,Tora! Tora! Tora!,1,0.20823726565704104
3107,STAD-MOV-003107,Backdraft,1,0.449783164363862
3108,STAD-MOV-003108,"Fisher King, The",1,0.42415027304551417
3116,STAD-MOV-003116,Miss Julie,0,0.23498321239007394
3136,STAD-MOV-003136,"James Dean Story, The",0,0.09316310840472282
3159,STAD-MOV-003159,Fantasia 2000,1,0.3551816186619123
3198,STAD-MOV-003198,Papillon,1,0.22876759693895604
3210,STAD-MOV-003210,Fast Times at Ridgemont High,1,0.4336318602858598
3217,STAD-MOV-003217,"Star Is Born, A",1,0.04857025117620873
3277,STAD-MOV-003277,Beloved/Friend (a.k.a. Amigo/Amado) (Amic/Amat),0,0.23498321239007394
3299,STAD-MOV-003299,Hanging Up,1,0.3954461288047951
3368,STAD-MOV-003368,"Big Country, The",1,0.16658145845299038
3388,STAD-MOV-003388,Harry and the Hendersons,1,0.6816202736375266
3391,STAD-MOV-003391,Who's That Girl?,1,0.3983125385600253
3404,STAD-MOV-003404,Titanic,1,0.14052019771578944
3453,STAD-MOV-003453,Here on Earth,1,0.41496975943284065
3471,STAD-MOV-003471,Close Encounters of the Third Kind,1,0.3947796128687055
3485,STAD-MOV-003485,Autopsy (Macchie Solari),0,0.0905142972554238
3517,STAD-MOV-003517,"Bells, The",0,0.043865081867294695
3521,STAD-MOV-003521,Mystery Train,1,0.49481137682252135
3543,STAD-MOV-003543,Diner,1,0.3938462113184174
3567,STAD-MOV-003567,Bossa Nova,0,0.47283205891227204
3574,STAD-MOV-003574,Carnosaur 3: Primal Species,0,0.4256164659497174
3636,STAD-MOV-003636,Those Who Love Me Can Take the Train (Ceux qui m'aiment prendront le train),0,0.22555102689789713
3669,STAD-MOV-003669,Stay Tuned,1,0.3326302709680567
3692,STAD-MOV-003692,Class of Nuke 'Em High,0,0.3805925899917616
3693,STAD-MOV-003693,"Toxic Avenger, The",1,0.3787497117220971
3698,STAD-MOV-003698,"Running Man, The",1,0.5193165482643555
3732,STAD-MOV-003732,"Fury, The",1,0.1743172219323326
3765,STAD-MOV-003765,"Hot Spot, The",1,0.4877885131069999
3797,STAD-MOV-003797,"In Crowd, The",0,0.3664191382819803
3809,STAD-MOV-003809,What About Bob?,1,0.3326302709680567
3819,STAD-MOV-003819,Tampopo,1,0.4004305825104944
3849,STAD-MOV-003849,"Spiral Staircase, The",0,0.24502448874974414
3896,STAD-MOV-003896,"Way of the Gun, The",1,0.5538004226240403
3937,STAD-MOV-003937,Runaway,1,0.5251864854830455
3979,STAD-MOV-003979,Little Nicky,1,0.34976220259500046
4002,STAD-MOV-004002,"Planes, Trains & Automobiles",1,0.3983125385600253
4076,STAD-MOV-004076,Two Ninas,0,0.47717588119738225
4093,STAD-MOV-004093,Cop,0,0.42285385427900896
4130,STAD-MOV-004130,Maid to Order,1,0.5067859054794244
4217,STAD-MOV-004217,4 Little Girls,0,0.07607152404796255
4224,STAD-MOV-004224,Exit Wounds,1,0.5412021495749264
4269,STAD-MOV-004269,Rat,0,0.47283205891227204
4285,STAD-MOV-004285,Frankie and Johnny,1,0.500914117371795
4308,STAD-MOV-004308,Moulin Rouge,1,0.39431068726518076
4326,STAD-MOV-004326,Mississippi Burning,1,0.5353068606284774
4349,STAD-MOV-004349,Catch-22,1,0.14035987141159226
4352,STAD-MOV-004352,Shag,0,0.49481137682252135
4376,STAD-MOV-004376,Down From the Mountain,0,0.06708241475295343
4398,STAD-MOV-004398,Speed Zone! (a.k.a. Cannonball Run III),1,0.4930103235838632
4426,STAD-MOV-004426,Kiss Me Deadly,1,0.09361549652782304
4449,STAD-MOV-004449,Adanggaman,0,0.23498321239007394
4461,STAD-MOV-004461,Siegfried & Roy: The Magic Box,0,0.3373673499196069
4463,STAD-MOV-004463,1969,0,0.33766480459364867
4468,STAD-MOV-004468,Apartment Zero,0,0.5029696658136784
4533,STAD-MOV-004533,"Return of the Living Dead, The",1,0.4470451670430575
4561,STAD-MOV-004561,Waxwork,1,0.3492511913821771
4638,STAD-MOV-004638,Jurassic Park III,1,0.8411327778822648
4661,STAD-MOV-004661,Sea of Love,1,0.5784747989588482
4665,STAD-MOV-004665,Shocker,1,0.31802945912465685
4669,STAD-MOV-004669,Stepfather II,0,0.4873998561562491
4692,STAD-MOV-004692,"Hotel New Hampshire, The",1,0.2889269176900996
4700,STAD-MOV-004700,"Princess Diaries, The",1,0.5403355646244602
4708,STAD-MOV-004708,Marat/Sade,0,0.15186990830997296
4743,STAD-MOV-004743,Tortilla Soup,1,0.4646506609450191
4753,STAD-MOV-004753,Vamp,0,0.3805925899917616
4755,STAD-MOV-004755,Wish Upon a Star,0,0.4567533221089543
4761,STAD-MOV-004761,Diamond Men,0,0.2307382259164821
4797,STAD-MOV-004797,"Hole in the Head, A",0,0.18333202130598156
4809,STAD-MOV-004809,Silkwood,1,0.2818121455716025
4815,STAD-MOV-004815,Hearts in Atlantis,1,0.2307382259164821
4831,STAD-MOV-004831,Can't Stop the Music,0,0.4169663769576219
4838,STAD-MOV-004838,D.O.A.,0,0.17768016667165012
4849,STAD-MOV-004849,My First Mister,1,0.39918956048064935
4868,STAD-MOV-004868,Bangkok Dangerous,0,0.3834986350548257
4904,STAD-MOV-004904,"Way We Laughed, The (Così Ridevano)",0,0.22555102689789713
4919,STAD-MOV-004919,Subway,1,0.5537059480225446
4954,STAD-MOV-004954,Ocean's Eleven (a.k.a. Ocean's 11),1,0.27963119775755435
4955,STAD-MOV-004955,"Sicilian, The",0,0.4605463015685964
4960,STAD-MOV-004960,"Independent, The",0,0.34976220259500046
4984,STAD-MOV-004984,Morgan!,0,0.14709682403719793
5005,STAD-MOV-005005,Separate Tables,0,0.21864866426544619
5038,STAD-MOV-005038,"Flight of Dragons, The",1,0.776461474313689
5042,STAD-MOV-005042,Forbidden Zone,0,0.32265941018635164
5046,STAD-MOV-005046,Impostor,1,0.5331535806008322
5060,STAD-MOV-005060,M*A*S*H (a.k.a. MASH),1,0.1687621424478284
5082,STAD-MOV-005082,"Rumor of Angels, A",0,0.23498321239007394
5097,STAD-MOV-005097,Bright Eyes,0,0.045662722675697535
5137,STAD-MOV-005137,Scratch,0,0.07464305165140009
5145,STAD-MOV-005145,Loves of a Blonde (Lásky jedné plavovlásky),0,0.22106478656574088
5167,STAD-MOV-005167,My Favorite Brunette,0,0.08026080537048193
5175,STAD-MOV-005175,Hidden Agenda,0,0.5359637990359978
5176,STAD-MOV-005176,Luminarias,0,0.06960403083660932
5214,STAD-MOV-005214,"Oh, God!",1,0.26265195895861765
5218,STAD-MOV-005218,Ice Age,1,0.6430698439039043
5222,STAD-MOV-005222,Kissing Jessica Stein,1,0.4646506609450191
5247,STAD-MOV-005247,Smokey and the Bandit,1,0.1896787814420714
5263,STAD-MOV-005263,Strait-Jacket,0,0.19186363030994455
5276,STAD-MOV-005276,Crimes of Passion,0,0.4776096151583278
5282,STAD-MOV-005282,High Crimes,1,0.35022523085448254
5337,STAD-MOV-005337,Delirious,1,0.3326302709680567
5351,STAD-MOV-005351,Warm Water Under a Red Bridge (Akai hashi no shita no nurui mizu),0,0.39918956048064935
5358,STAD-MOV-005358,Mountains of the Moon,0,0.12049961061056995
5372,STAD-MOV-005372,Calamity Jane,1,0.12830856973740762
5374,STAD-MOV-005374,Devil Doll,0,0.052317535983928916
5415,STAD-MOV-005415,Divine Secrets of the Ya-Ya Sisterhood,1,0.3833370428395926
5418,STAD-MOV-005418,"Bourne Identity, The",1,0.5163938462522855
5421,STAD-MOV-005421,"Dangerous Lives of Altar Boys, The",1,0.224894393371158
5444,STAD-MOV-005444,Lilo & Stitch,1,0.4565519207888711
5490,STAD-MOV-005490,The Big Bus,0,0.19358124428269416
5503,STAD-MOV-005503,"Last Kiss, The (Ultimo bacio, L')",0,0.4590100391735575
5522,STAD-MOV-005522,Rollerball,1,0.23636572768428799
5539,STAD-MOV-005539,Care Bears Movie II: A New Generation,0,0.17080078610940488
5570,STAD-MOV-005570,Thesis (Tesis),1,0.5667883428594279
5589,STAD-MOV-005589,Indian Summer,1,0.5297050678877616
5591,STAD-MOV-005591,Monkey Trouble,0,0.7244696161288974
5601,STAD-MOV-005601,"Yearling, The",0,0.2549730217185773
5623,STAD-MOV-005623,Crazy as Hell,0,0.224894393371158
5627,STAD-MOV-005627,Skins,0,0.41237400701457294
5648,STAD-MOV-005648,Ernest in the Army,0,0.36894046198041763
5671,STAD-MOV-005671,"On Guard (Bossu, Le)",0,0.547530025544322
5694,STAD-MOV-005694,Staying Alive,1,0.4687196432607039
5697,STAD-MOV-005697,Terror Train,0,0.19150206308645384
5716,STAD-MOV-005716,Butterfly,0,0.26855347686012415
5770,STAD-MOV-005770,Ms. 45 (a.k.a. Angel of Vengeance),0,0.3444394328625969
5831,STAD-MOV-005831,Soul Assassin,0,0.5245309874324325
5868,STAD-MOV-005868,This Is Elvis,0,0.21730118238624915
5870,STAD-MOV-005870,Revolution #9,0,0.35837150583541005
5875,STAD-MOV-005875,Personal Velocity,0,0.224894393371158
5885,STAD-MOV-005885,"What to Do in Case of Fire (Was tun, wenn's brennt?)",0,0.3833370428395926
5909,STAD-MOV-005909,Visitor Q (Bizita Q),1,0.2986486350255694
5913,STAD-MOV-005913,Warning for the Joensson Gang (Varning för Jönssonligan),0,0.43613294597687924
5931,STAD-MOV-005931,Britannia Hospital,0,0.3938462113184174
5935,STAD-MOV-005935,Class of 1984,0,0.2553413313796339
5987,STAD-MOV-005987,"Love, Honour and Obey",0,0.33724563810214925
5999,STAD-MOV-005999,Heavy Metal 2000,1,0.6417700634208257
6062,STAD-MOV-006062,Lost in La Mancha,1,0.07217291412460787
6066,STAD-MOV-006066,Murder by Decree,0,0.3688987697468737
6076,STAD-MOV-006076,Enigma,0,0.5193374511191239
6106,STAD-MOV-006106,Mother Lode,0,0.11236120566465972
6111,STAD-MOV-006111,Paradise,0,0.40689339059476526
6135,STAD-MOV-006135,Still of the Night,0,0.41603199371825356
6154,STAD-MOV-006154,Deliver Us from Eva,0,0.4425174116458811
6188,STAD-MOV-006188,Old School,1,0.3379591960450453
6200,STAD-MOV-006200,Insignificance,0,0.4688132111605773
6273,STAD-MOV-006273,In a Lonely Place,1,0.17564203972743841
6354,STAD-MOV-006354,"Carpetbaggers, The",0,0.13792360640147142
6382,STAD-MOV-006382,Together (Han ni Zai Yiki),0,0.224894393371158
6386,STAD-MOV-006386,Nevada Smith,0,0.059623462738370395
6396,STAD-MOV-006396,Dementia 13,0,0.1944957614964166
6397,STAD-MOV-006397,"Bizarre, Bizarre (Drôle de drame ou L'étrange aventure de Docteur Molyneux)",0,0.06872286857428082
6427,STAD-MOV-006427,"Railway Children, The",0,0.3088949628975262
6503,STAD-MOV-006503,Charlie's Angels: Full Throttle,1,0.6512207017143731
6523,STAD-MOV-006523,Mr. Baseball,1,0.500914117371795
6527,STAD-MOV-006527,Scaramouche,0,0.1471899874753044
6549,STAD-MOV-006549,How to Deal,0,0.42784067720116925
6566,STAD-MOV-006566,Spy Kids 3-D: Game Over,1,0.6919379324590385
6628,STAD-MOV-006628,Hot Dog... The Movie,0,0.3664424665366261
6631,STAD-MOV-006631,Man's Best Friend,0,0.507486966260725
6645,STAD-MOV-006645,THX 1138,1,0.40424016783475547
6646,STAD-MOV-006646,Valley of the Dolls,0,0.15050995133042
6712,STAD-MOV-006712,Luster,0,0.44090795025020185
6746,STAD-MOV-006746,Squirm,0,0.14892129090267742
6777,STAD-MOV-006777,Judgment at Nuremberg,1,0.2181288741420071
6780,STAD-MOV-006780,"Brief History of Time, A",1,0.10794788769626464
6781,STAD-MOV-006781,"Jacob the Liar (Jakob, der Lügner)",0,0.18633065552098083
6786,STAD-MOV-006786,Kiss of the Spider Woman,1,0.3048584578613816
6863,STAD-MOV-006863,School of Rock,1,0.3366034909053463
6872,STAD-MOV-006872,"House of the Dead, The",1,0.30898818114092313
6888,STAD-MOV-006888,Scary Movie 3,1,0.29436781324091355
6897,STAD-MOV-006897,Unconditional Love,0,0.3833370428395926
6909,STAD-MOV-006909,"Eye, The (Gin gwai) (Jian gui)",1,0.35022523085448254
6931,STAD-MOV-006931,Mail Order Bride,0,0.3379591960450453
6938,STAD-MOV-006938,Billabong Odyssey,0,0.11957440308904926
7026,STAD-MOV-007026,Summer School,1,0.3983125385600253
7067,STAD-MOV-007067,Juliet of the Spirits (Giulietta degli spiriti),1,0.11278746381038976
7069,STAD-MOV-007069,"Macbeth (a.k.a. Tragedy of Macbeth, The)",1,0.15138866045370894
7070,STAD-MOV-007070,Red River,1,0.11443122559945133
7080,STAD-MOV-007080,42nd Street,1,0.07746763401231806
7118,STAD-MOV-007118,Wings of Honneamise (Ôritsu uchûgun Oneamisu no tsubasa),1,0.34298982252413834
7131,STAD-MOV-007131,"Summer Place, A",0,0.21864866426544619
7145,STAD-MOV-007145,Prisoner of Paradise,0,0.016107146912683577
7169,STAD-MOV-007169,Chasing Liberty,1,0.3701546808204762
7179,STAD-MOV-007179,Wuthering Heights,1,0.46759400896381714
7180,STAD-MOV-007180,Odds Against Tomorrow,0,0.3611399821183545
7185,STAD-MOV-007185,Real Men,0,0.538469377175118
7210,STAD-MOV-007210,My Darling Clementine,1,0.09173712681674434
7221,STAD-MOV-007221,Platinum Blonde,0,0.06478638725732826
7246,STAD-MOV-007246,"Violent Years, The",0,0.22778513421968125
7263,STAD-MOV-007263,Miracle,1,0.1727791828146718
7308,STAD-MOV-007308,King Solomon's Mines,1,0.5849601620419767
7324,STAD-MOV-007324,Hidalgo,1,0.405555477092933
7330,STAD-MOV-007330,Tokyo Joe,0,0.1094539176318118
7369,STAD-MOV-007369,Scooby-Doo 2: Monsters Unleashed,1,0.798033132895752
7380,STAD-MOV-007380,Ella Enchanted,1,0.24763469178065714
7397,STAD-MOV-007397,"Baby, the Rain Must Fall",0,0.14602768847486453
7406,STAD-MOV-007406,"Flying Deuces, The",0,0.11056934747982373
7440,STAD-MOV-007440,Paper Clips,0,0.09085592794400354
7448,STAD-MOV-007448,Envy,1,0.2785421301507764
7449,STAD-MOV-007449,Godsend,1,0.343043522716882
7454,STAD-MOV-007454,Van Helsing,1,0.4312998189295181
7490,STAD-MOV-007490,At First Sight (Entre Nous) (Coup de foudre),0,0.2818121455716025
7566,STAD-MOV-007566,28 Up,1,0.1379233148234627
7567,STAD-MOV-007567,Chance,0,0.3833370428395926
7613,STAD-MOV-007613,White Palace,0,0.2843489317375133
7636,STAD-MOV-007636,Raising Cain,0,0.4745403677111023
7637,STAD-MOV-007637,Irma Vep,0,0.5343490094904724
7669,STAD-MOV-007669,Pride and Prejudice,1,0.09091080241951341
7702,STAD-MOV-007702,"Bells of St. Mary's, The",0,0.17029524644635494
7705,STAD-MOV-007705,Pat and Mike,0,0.14303482656694566
7719,STAD-MOV-007719,"Comedy of Terrors, The",0,0.06430831387582976
7767,STAD-MOV-007767,"Best of Youth, The (La meglio gioventù)",1,0.22629832382515128
7824,STAD-MOV-007824,Second Skin (Segunda Piel),0,0.4169826915734244
7831,STAD-MOV-007831,Another Thin Man,1,0.0961312406494008
7843,STAD-MOV-007843,Lammbock,0,0.35198830622677996
7872,STAD-MOV-007872,Getting It Right,0,0.49481137682252135
7889,STAD-MOV-007889,Pat Garrett and Billy the Kid,1,0.0673479697303346
7915,STAD-MOV-007915,Samurai Fiction (SF: Episode One),0,0.4495276929882165
7926,STAD-MOV-007926,High and Low (Tengoku to jigoku),1,0.18909839353509114
7935,STAD-MOV-007935,Face to Face (Ansikte mot ansikte),0,0.1694147423476892
7951,STAD-MOV-007951,Nightbreed,1,0.34705061200012866
8009,STAD-MOV-008009,Marjorie Morningstar,0,0.21864866426544619
8038,STAD-MOV-008038,Manslaughter,0,0.040370693593258976
8183,STAD-MOV-008183,Educating Rita,1,0.4267315664621722
8332,STAD-MOV-008332,Sunday Bloody Sunday,0,0.15138866045370894
8370,STAD-MOV-008370,"Blind Swordsman: Zatoichi, The (Zatôichi)",1,0.1989408247599775
8372,STAD-MOV-008372,Garfield: The Movie,1,0.40665380084003033
8452,STAD-MOV-008452,Moment by Moment,0,0.2619143848566238
8482,STAD-MOV-008482,"Picture of Dorian Gray, The",1,0.0519512277260681
8502,STAD-MOV-008502,Show Boat,0,0.3233600819329511
8532,STAD-MOV-008532,"Door in the Floor, The",1,0.1727791828146718
8536,STAD-MOV-008536,"Intended, The",0,0.09855773170890696
8543,STAD-MOV-008543,"Flying Leathernecks, The",0,0.16709081235652423
8584,STAD-MOV-008584,Leave Her to Heaven,0,0.07685121357691042
8608,STAD-MOV-008608,"Butcher, The (Boucher, Le)",0,0.22224703548870203
8613,STAD-MOV-008613,"Time of Your Life, The",0,0.1014511790498674
8614,STAD-MOV-008614,Overboard,1,0.5415721052364585
8649,STAD-MOV-008649,Gray Lady Down,0,0.292445833955619
8669,STAD-MOV-008669,Stay Hungry,0,0.2335226342541947
8680,STAD-MOV-008680,In a Glass Cage (Tras el cristal),0,0.36589480685608156
8721,STAD-MOV-008721,Tai-Pan,0,0.14510137892067743
8734,STAD-MOV-008734,Love Happy,0,0.0713407272466812
8741,STAD-MOV-008741,Ruby Cairo,0,0.43180508901004216
8780,STAD-MOV-008780,"Assassination Bureau, The",0,0.30118283050067723
8792,STAD-MOV-008792,Octane,0,0.3672508708784335
8820,STAD-MOV-008820,Spinout,0,0.19122907484213167
8856,STAD-MOV-008856,Roller Boogie,0,0.28497607043523376
8864,STAD-MOV-008864,Mr. 3000,1,0.2825601079807365
8868,STAD-MOV-008868,Head in the Clouds,0,0.3032201041965583
8883,STAD-MOV-008883,"Last Flight of Noah's Ark, The",0,0.5553272574394799
8922,STAD-MOV-008922,Epidemic,0,0.5477702707662647
8928,STAD-MOV-008928,"Fearless Vampire Killers, The",1,0.07914706991224847
8949,STAD-MOV-008949,Sideways,1,0.3494236134030132
9005,STAD-MOV-009005,Fire in the Sky,1,0.5216097095196894
9008,STAD-MOV-009008,"Invisible Man Returns, The",0,0.13918726025272035
9010,STAD-MOV-009010,Love Me If You Dare (Jeux d'enfants),1,0.37401824626176183
25762,STAD-MOV-025762,"Unknown, The (a.k.a. Alonzo the Armless)",0,0.05277245610336101
25786,STAD-MOV-025786,"Old Dark House, The",0,0.20186665550681376
25792,STAD-MOV-025792,"I Was Born, But... (a.k.a. Children of Tokyo) (Otona no miru ehon - Umarete wa mita keredo)",0,0.03296144258066926
25798,STAD-MOV-025798,Island of Lost Souls,0,0.21928584173214186
25805,STAD-MOV-025805,"Atalante, L'",0,0.08731246342530105
25826,STAD-MOV-025826,Libeled Lady,0,0.12212857620316103
25916,STAD-MOV-025916,They Were Expendable,0,0.1454902647573925
25919,STAD-MOV-025919,"Beast with Five Fingers, The",0,0.05287008194629797
25928,STAD-MOV-025928,Mourning Becomes Electra,0,0.21670036071451831
25950,STAD-MOV-025950,"Barkleys of Broadway, The",0,0.10874716473315202
25966,STAD-MOV-025966,"Greatest Love, The (Europa '51)",0,0.22139406078680302
26006,STAD-MOV-026006,"Seven Little Foys, The",0,0.13836299699442
26030,STAD-MOV-026030,Corridors of Blood,0,0.23541735332452918
26088,STAD-MOV-026088,"Four Days of Naples, The (Le quattro giornate di Napoli)",0,0.12769542288142852
26093,STAD-MOV-026093,"Wonderful World of the Brothers Grimm, The",0,0.4036552949766396
26128,STAD-MOV-026128,What a Way to Go!,0,0.2402751477216636
26205,STAD-MOV-026205,"Goodbye, Mr. Chips",0,0.310797866769908
26215,STAD-MOV-026215,"Joke, The (Zert)",0,0.14682257887624878
26216,STAD-MOV-026216,...tick... tick... tick...,0,0.16309402837422515
26223,STAD-MOV-026223,Gamera vs. Jiger,0,0.1378342655352507
26249,STAD-MOV-026249,They Call Me Trinity,0,0.09678370425054852
26268,STAD-MOV-026268,"Tall Blond Man with One Black Shoe, The (Le grand blond avec une chaussure noire)",0,0.13764886404875024
26308,STAD-MOV-026308,Turkish Delight (Turks fruit),0,0.2128447607942297
26309,STAD-MOV-026309,Walking Tall,0,0.32037067762945437
26317,STAD-MOV-026317,Emmanuelle,0,0.22817762610372294
26338,STAD-MOV-026338,Cousin cousine,0,0.28799280859110893
26343,STAD-MOV-026343,"Fortune, The",0,0.26632285137382
26366,STAD-MOV-026366,Harlan County U.S.A.,0,0.11552296520100276
26379,STAD-MOV-026379,Jesus of Nazareth,0,0.050915216694083706
26435,STAD-MOV-026435,Starting Over,0,0.3973023781890063
26438,STAD-MOV-026438,Defiance,0,0.22191946715181385
26462,STAD-MOV-026462,Bad Boys,1,0.46428491403722544
26464,STAD-MOV-026464,Blue Thunder,1,0.25857958260089725
26554,STAD-MOV-026554,"Quiet Earth, The",1,0.4819674608733338
26567,STAD-MOV-026567,Club Paradise,0,0.4004305825104944
26581,STAD-MOV-026581,Sherman's March,0,0.1379233148234627
26675,STAD-MOV-026675,Boiling Point (3-4 x jûgatsu),0,0.4312269512612381
26676,STAD-MOV-026676,Almost an Angel,0,0.3523549844140139
26689,STAD-MOV-026689,Havana,0,0.2843489317375133
26701,STAD-MOV-026701,Patlabor: The Movie (Kidô keisatsu patorebâ: The Movie),0,0.5102719649677955
26702,STAD-MOV-026702,"Reflecting Skin, The",0,0.5689896967951023
26703,STAD-MOV-026703,Riff-Raff,0,0.4604048092647311
26776,STAD-MOV-026776,Porco Rosso (Crimson Pig) (Kurenai no buta),1,0.6590186449697233
26782,STAD-MOV-026782,"Mambo Kings, The",0,0.36461839006995966
26788,STAD-MOV-026788,"Story of Qiu Ju, The (Qiu Ju da guan si)",0,0.4604048092647311
26812,STAD-MOV-026812,Barbarians at the Gate,0,0.3813942965387352
26826,STAD-MOV-026826,Latcho Drom,0,0.25911495908827326
26842,STAD-MOV-026842,Tai Chi Master (Twin Warriors) (Tai ji: Zhang San Feng),0,0.47557026901970156
26901,STAD-MOV-026901,Last of the Dogmen,0,0.5143502485888176
26989,STAD-MOV-026989,Dance with the Devil (Perdita Durango),0,0.41211498543226444
27049,STAD-MOV-027049,Storm of the Century,0,0.08541305788478837
27176,STAD-MOV-027176,Style Wars,0,0.1430194018170911
27193,STAD-MOV-027193,Taxi 2,1,0.45685082971090785
27232,STAD-MOV-027232,Beautiful Joe,0,0.47283205891227204
27236,STAD-MOV-027236,Charisma (Karisuma),0,0.23498321239007394
27238,STAD-MOV-027238,Guest House Paradiso,0,0.5187244918910022
27291,STAD-MOV-027291,Century of the Dragon (Long zai bian yuan),0,0.5558469481718392
27297,STAD-MOV-027297,Possible Worlds,0,0.460106792872521
27309,STAD-MOV-027309,Restless (Levottomat),0,0.41496975943284065
27340,STAD-MOV-027340,"Sleeping Dictionary, The",0,0.37401824626176183
27345,STAD-MOV-027345,Speaking of Sex,0,0.4646506609450191
27571,STAD-MOV-027571,"Rage in Placid Lake, The",0,0.3379591960450453
27657,STAD-MOV-027657,Alien Hunter,0,0.6774767242699956
27703,STAD-MOV-027703,High Roller: The Stu Ungar Story,0,0.22629832382515128
27728,STAD-MOV-027728,Ghost in the Shell 2: Innocence (a.k.a. Innocence) (Inosensu),1,0.6793355292003815
27793,STAD-MOV-027793,Starship Troopers 2: Hero of the Federation,1,0.36375875093980525
27800,STAD-MOV-027800,Interstella 5555: The 5tory of the 5ecret 5tar 5ystem,1,0.5664815529838066
27801,STAD-MOV-027801,Ong-Bak: The Thai Warrior (Ong Bak),1,0.5332557650144772
27841,STAD-MOV-027841,"Gospel of John, The",0,0.22629832382515128
27878,STAD-MOV-027878,Born into Brothels,1,0.09085592794400354
27905,STAD-MOV-027905,Casshern,1,0.37723980793906864
30767,STAD-MOV-030767,Sitcom,0,0.451756267256669
30820,STAD-MOV-030820,"Woodsman, The",1,0.1727791828146718
30850,STAD-MOV-030850,"Merchant of Venice, The",1,0.1727791828146718
30890,STAD-MOV-030890,"Keys to the House, The (Chiavi di casa, Le)",0,0.1727791828146718
30894,STAD-MOV-030894,White Noise,1,0.5116256933054922
30905,STAD-MOV-030905,Bomb the System,0,0.3933732919916414
30958,STAD-MOV-030958,Who's the Caboose?,0,0.31293962586130225
31260,STAD-MOV-031260,Boys Town,0,0.05357372211498903
31645,STAD-MOV-031645,Reap the Wild Wind,0,0.12924004012992607
31694,STAD-MOV-031694,Bride & Prejudice,1,0.2744185782012676
31892,STAD-MOV-031892,"No Retreat, No Surrender",0,0.388275954594534
32151,STAD-MOV-032151,It Happened to Jane,0,0.11739369590052823
32230,STAD-MOV-032230,"Snow Queen, The (Lumikuningatar)",0,0.23376100099833985
32234,STAD-MOV-032234,Julia,0,0.19920563645397157
32302,STAD-MOV-032302,"League of Ordinary Gentlemen, A",0,0.09085592794400354
32333,STAD-MOV-032333,"Seagull's Laughter, The (Mávahlátur)",0,0.39918956048064935
32493,STAD-MOV-032493,End of the Century: The Story of the Ramones,0,0.11395748917242565
32743,STAD-MOV-032743,Ringu 0: Bâsudei,0,0.4556146302314576
32770,STAD-MOV-032770,Brothers (Brødre),0,0.1727791828146718
32781,STAD-MOV-032781,Hawaii,0,0.14708430038489503
32860,STAD-MOV-032860,Premiers désirs,0,0.3926476634383498
32892,STAD-MOV-032892,Ivan's Childhood (a.k.a. My Name is Ivan) (Ivanovo detstvo),1,0.12769542288142852
32972,STAD-MOV-032972,Dr. Akagi (Kanzo sensei),0,0.3690414003797023
33188,STAD-MOV-033188,Mischief,0,0.5396288308681574
33193,STAD-MOV-033193,Viva María!,0,0.20913096753796032
33247,STAD-MOV-033247,Torments (El) (This Strange Passion),0,0.1290263454588059
33401,STAD-MOV-033401,"Adventurer, The",0,0.018433128191142952
33435,STAD-MOV-033435,Los Angeles Plays Itself,0,0.11957440308904926
33499,STAD-MOV-033499,Monster-in-Law,1,0.32344302460182134
33737,STAD-MOV-033737,Daybreak,0,0.6045158054689884
33844,STAD-MOV-033844,Exiles (Exils),0,0.405555477092933
33863,STAD-MOV-033863,"Trail of the Lonesome Pine, The",0,0.04727254440720856
33893,STAD-MOV-033893,"Perfect Crime, The (Crimen Ferpecto) (Ferpect Crime)",0,0.3985475183924289
33933,STAD-MOV-033933,Ulzana's Raid,0,0.17083897685521862
34206,STAD-MOV-034206,Crippled Masters (Tian can di que),0,0.24641487790577543
34314,STAD-MOV-034314,Funny Ha Ha,0,0.3833370428395926
34323,STAD-MOV-034323,"Devil's Rejects, The",1,0.21965884275236994
34386,STAD-MOV-034386,Phone (Pon),0,0.5879860121413475
34450,STAD-MOV-034450,Miracles - Mr. Canton and Lady Rose,0,0.3359415713740806
35008,STAD-MOV-035008,"Woman Rebels, A (Portrait of a Rebel)",0,0.04727254440720856
35629,STAD-MOV-035629,"Sea, The (Hafið)",0,0.224894393371158
35807,STAD-MOV-035807,"Teahouse of the August Moon, The",0,0.11541229080302963
36083,STAD-MOV-036083,Main Hoon Na,0,0.21310861723094376
36152,STAD-MOV-036152,Dreamchild,0,0.4447665175171463
36525,STAD-MOV-036525,Just Like Heaven,1,0.2125863190004115
36553,STAD-MOV-036553,In Old Chicago,0,0.2565193168732449
37335,STAD-MOV-037335,Come Drink with Me (Da zui xia),0,0.22829273153453986
37444,STAD-MOV-037444,Frankenstein 90,0,0.37995234117475146
37495,STAD-MOV-037495,Survive Style 5+,0,0.4160297413775696
37744,STAD-MOV-037744,"Story of Vernon and Irene Castle, The",0,0.2900661670688056
37976,STAD-MOV-037976,"Flowers of St. Francis (Francesco, giullare di Dio)",0,0.20531768109310444
38038,STAD-MOV-038038,Wallace & Gromit in The Curse of the Were-Rabbit,1,0.582947830285471
38164,STAD-MOV-038164,"All This, and Heaven Too",0,0.13848130183222748
38656,STAD-MOV-038656,Sweet Movie,0,0.24591241604158953
38701,STAD-MOV-038701,Don't Come Knocking,0,0.12458582466082332
39869,STAD-MOV-039869,Manderlay,1,0.13814815414184256
40404,STAD-MOV-040404,Al otro lado,0,0.1727791828146718
41566,STAD-MOV-041566,"Chronicles of Narnia: The Lion, the Witch and the Wardrobe, The",1,0.5429402367560082
41699,STAD-MOV-041699,"Ivan the Terrible, Part Two (Ivan Groznyy II: Boyarsky zagovor)",0,0.21864866426544619
42007,STAD-MOV-042007,Rumor Has It...,1,0.292641031490386
42422,STAD-MOV-042422,Voices of a Distant Star (Hoshi no koe),0,0.3203749101266845
42550,STAD-MOV-042550,A Run for Your Money,0,0.0713407272466812
42987,STAD-MOV-042987,Fingersmith,0,0.05335197053841447
43260,STAD-MOV-043260,8MM 2,0,0.2428145566555004
43558,STAD-MOV-043558,Big Momma's House 2,1,0.28453707488167934
43983,STAD-MOV-043983,Election (Hak se wui),0,0.29455119435113986
44004,STAD-MOV-044004,Failure to Launch,1,0.297596660903709
44041,STAD-MOV-044041,All Quiet on the Western Front,0,0.31388561538165155
44124,STAD-MOV-044124,Every Man for Himself (Slow Motion) (Sauve qui peut (la vie)),0,0.28497607043523376
44199,STAD-MOV-044199,Inside Man,1,0.27122440804926556
44397,STAD-MOV-044397,"Hills Have Eyes, The",1,0.27675143195352464
44585,STAD-MOV-044585,"Goodbye, South, Goodbye (Nan guo zai jian, nan guo)",0,0.5399722634121686
44674,STAD-MOV-044674,Wheel of Time,0,0.11957440308904926
44871,STAD-MOV-044871,"King Is Dancing, The (Le roi danse)",0,0.23498321239007394
44931,STAD-MOV-044931,Secrets of a Soul (Geheimnisse einer Seele),0,0.04948610435524097
44949,STAD-MOV-044949,Hoot,0,0.48926188737432574
45100,STAD-MOV-045100,Battle in Heaven (Batalla en el cielo),0,0.292641031490386
45106,STAD-MOV-045106,American Dreamz,1,0.21190635195891977
45447,STAD-MOV-045447,"Da Vinci Code, The",1,0.22229394039073694
45581,STAD-MOV-045581,Shanghai Dreams (Qing hong),0,0.13814815414184256
45664,STAD-MOV-045664,"King, The",0,0.13814815414184256
46363,STAD-MOV-046363,Summer in Berlin (Sommer vorm Balkon),0,0.13814815414184256
46525,STAD-MOV-046525,Spite Marriage,0,0.025523833041549284
46627,STAD-MOV-046627,Rock 'n' Roll Nightmare,0,0.364932246643679
46915,STAD-MOV-046915,End Game,0,0.20108237458324876
46965,STAD-MOV-046965,Snakes on a Plane,1,0.4357112269856018
47248,STAD-MOV-047248,Johnny Was,0,0.4121496627817052
47397,STAD-MOV-047397,"Tom, Dick and Harry",0,0.14890136215235963
47907,STAD-MOV-047907,Fateless (Sorstalanság),0,0.14371902514722573
47950,STAD-MOV-047950,Hollywoodland,1,0.33265516668479617
48315,STAD-MOV-048315,Raintree County,0,0.13151119380582194
48346,STAD-MOV-048346,"Land Before Time II: The Great Valley Adventure, The",0,0.5349875261423757
48678,STAD-MOV-048678,Feast,1,0.44549978486779773
48783,STAD-MOV-048783,Flags of Our Fathers,1,0.14111381312399168
48820,STAD-MOV-048820,After Five in the Jungle (Nach Fünf im Urwald),0,0.5982937373786208
48970,STAD-MOV-048970,Platform (Zhantai),0,0.23498321239007394
49314,STAD-MOV-049314,Harsh Times,1,0.22285335724074154
49371,STAD-MOV-049371,Min and Bill,0,0.042677105379069984
49615,STAD-MOV-049615,Triad Election (Election 2) (Hak se wui yi wo wai kwai),0,0.27122440804926556
49651,STAD-MOV-049651,Rocky Balboa,1,0.3243933529246936
49688,STAD-MOV-049688,"Dam Busters, The",0,0.23513599431375262
49754,STAD-MOV-049754,Daniel,0,0.2818121455716025
49817,STAD-MOV-049817,"Plague Dogs, The",0,0.265338799048727
49961,STAD-MOV-049961,Notes on a Scandal,1,0.13193906397560987
50059,STAD-MOV-050059,Don't Drink the Water,0,0.4526474083294769
50488,STAD-MOV-050488,"Stolen Life, A",0,0.18697823045569592
50792,STAD-MOV-050792,Catch and Release,1,0.2682799371412529
50977,STAD-MOV-050977,Vice Squad,0,0.37646606197167193
51004,STAD-MOV-051004,Danika,0,0.27675143195352464
51111,STAD-MOV-051111,What Will You Do When You Catch Me? (Co mi zrobisz jak mnie zlapiesz?),0,0.3750553735703525
51174,STAD-MOV-051174,Factory Girl,1,0.13193906397560987
51372,STAD-MOV-051372,"""Great Performances"" Cats",0,0.10374682626663592
51528,STAD-MOV-051528,"Commare secca, La (Grim Reaper, The)",0,0.20342028346484486
52321,STAD-MOV-052321,Seraphim Falls,1,0.5102066778637996
52606,STAD-MOV-052606,Big Nothing,1,0.32591639148678164
52666,STAD-MOV-052666,Benny's Video,0,0.3565405275413579
52804,STAD-MOV-052804,Flannel Pajamas,0,0.15788811344304243
52891,STAD-MOV-052891,"Flying Scotsman, The",0,0.13193906397560987
52950,STAD-MOV-052950,Day Watch (Dnevnoy dozor),1,0.48700466946992144
52980,STAD-MOV-052980,"Zidane: A 21st Century Portrait (Zidane, un portrait du 21e siècle)",0,0.039132364795131935
53004,STAD-MOV-053004,Delta Farce,0,0.3504501828225704
53038,STAD-MOV-053038,Red Dust,0,0.034485855056303055
53131,STAD-MOV-053131,Rise,0,0.44315667741255077
53207,STAD-MOV-053207,88 Minutes,1,0.31425693714995434
53406,STAD-MOV-053406,Go,0,0.2307382259164821
53769,STAD-MOV-053769,In Search of a Midnight Kiss,0,0.2863526515217735
53788,STAD-MOV-053788,Exiled (Fong juk),0,0.4219638504804775
53847,STAD-MOV-053847,"Woman Chaser, The",0,0.3516489524671058
53851,STAD-MOV-053851,American Friends,0,0.46759400896381714
54220,STAD-MOV-054220,"Sterile Cuckoo, The",0,0.14489057796791976
54561,STAD-MOV-054561,Abraham,0,0.575040529585517
54621,STAD-MOV-054621,Molière,0,0.2831234681669403
54758,STAD-MOV-054758,TerrorStorm: A History of Government-Sponsored Terrorism,0,0.039132364795131935
54787,STAD-MOV-054787,Death Sentence,1,0.2613494775908143
54833,STAD-MOV-054833,Brighton Rock,0,0.10644551527560087
55052,STAD-MOV-055052,Atonement,1,0.23487590827142396
55272,STAD-MOV-055272,We Own the Night,1,0.27062250250286896
55512,STAD-MOV-055512,Can't Help Singing,0,0.12597724946528094
55684,STAD-MOV-055684,"City of Violence, The (Jjakpae)",0,0.22285335724074154
55765,STAD-MOV-055765,American Gangster,1,0.25733990914834814
55826,STAD-MOV-055826,Ripley Under Ground,0,0.26947824700161543
56012,STAD-MOV-056012,"Evening with Kevin Smith 2: Evening Harder, An",0,0.13924530310928612
56069,STAD-MOV-056069,Murder Party,0,0.23559957303587017
56176,STAD-MOV-056176,Alvin and the Chipmunks,1,0.4694135900479758
56313,STAD-MOV-056313,"Shepherd of the Hills, The",0,0.17741429149886215
56379,STAD-MOV-056379,"Maxed Out: Hard Times, Easy Credit and the Era of Predatory Lenders",0,0.039132364795131935
56511,STAD-MOV-056511,Redacted,0,0.35152243558246343
56548,STAD-MOV-056548,All Passion Spent,0,0.3048584578613816
56715,STAD-MOV-056715,Wristcutters: A Love Story,1,0.2239092769035052
56757,STAD-MOV-056757,Sweeney Todd: The Demon Barber of Fleet Street,1,0.28599869945012923
56921,STAD-MOV-056921,Battlestar Galactica: Razor,1,0.4942455651230921
57637,STAD-MOV-057637,"Signal, The",0,0.29420257223248014
57964,STAD-MOV-057964,Blue State,0,0.1990731450678753
58078,STAD-MOV-058078,"Air I Breathe, The",1,0.2810438687526959
58136,STAD-MOV-058136,Great World of Sound,0,0.1990731450678753
58282,STAD-MOV-058282,"Emperor Waltz, The",0,0.18183809170529366
59044,STAD-MOV-059044,Diminished Capacity,0,0.1820026940459522
59105,STAD-MOV-059105,Where in the World Is Osama Bin Laden?,0,0.03107373338124982
59129,STAD-MOV-059129,Outpost,0,0.1730095162374832
59188,STAD-MOV-059188,Viva Zapata!,0,0.10346800390449884
59260,STAD-MOV-059260,"Unknown Woman, The (La Sconosciuta)",0,0.22229394039073694
59527,STAD-MOV-059527,"Window, The",0,0.07763535329192263
59615,STAD-MOV-059615,Indiana Jones and the Kingdom of the Crystal Skull,1,0.6407275515943149
59865,STAD-MOV-059865,Pilgrimage,0,0.03391398670383202
59867,STAD-MOV-059867,Lonelyhearts,0,0.10670499527200383
59947,STAD-MOV-059947,"Protector, The",0,0.3842910036562485
60133,STAD-MOV-060133,Brick Lane,0,0.1259473600183017
60145,STAD-MOV-060145,"Penalty, The",0,0.028336430715772205
60201,STAD-MOV-060201,"Color of Pomegranates, The (Sayat Nova)",0,0.15050995133042
60237,STAD-MOV-060237,Dog Day (Canicule),0,0.46932765018256406
60295,STAD-MOV-060295,Up the Yangtze,0,0.036478523853997545
60309,STAD-MOV-060309,Along Came Jones,0,0.09630643015311394
60450,STAD-MOV-060450,Summer of '04 (Sommer '04),0,0.13193906397560987
60526,STAD-MOV-060526,Death Defying Acts,0,0.2374510378366973
60530,STAD-MOV-060530,Water Lilies (Naissance des pieuvres),0,0.1259473600183017
60756,STAD-MOV-060756,Step Brothers,1,0.1820026940459522
60766,STAD-MOV-060766,Man on Wire,1,0.03107373338124982
61041,STAD-MOV-061041,"Take, The",0,0.27062250250286896
61206,STAD-MOV-061206,In the City of Sylvia (En la ciudad de Sylvia),0,0.1259473600183017
61285,STAD-MOV-061285,Path to War,0,0.224894393371158
61352,STAD-MOV-061352,Traitor,1,0.25076115613972827
62014,STAD-MOV-062014,Zuzu Angel,0,0.13193906397560987
62237,STAD-MOV-062237,Part of the Weekend Never Dies,0,0.03107373338124982
62265,STAD-MOV-062265,"Accidental Husband, The",1,0.22897212387476312
62293,STAD-MOV-062293,"Duchess, The",1,0.21889182253083878
62304,STAD-MOV-062304,"Tulse Luper Suitcases, Part 1: The Moab Story, The",0,0.4115240688476616
62434,STAD-MOV-062434,Zack and Miri Make a Porno,1,0.27821586375809215
62834,STAD-MOV-062834,Babylon 5: The Legend of the Rangers: To Live and Die in Starlight,0,0.21396110905503257
62956,STAD-MOV-062956,Futurama: Bender's Game,1,0.6083063481518253
62970,STAD-MOV-062970,Tin Man,0,0.11148823582555521
63758,STAD-MOV-063758,Casanova '70,0,0.12972392355812776
63808,STAD-MOV-063808,"Class, The (Entre les murs)",1,0.08696766386701019
63989,STAD-MOV-063989,"Devil Doll, The",0,0.15025192107455626
64793,STAD-MOV-064793,Tumannost Andromedy,0,0.34906953325893064
64976,STAD-MOV-064976,Hexed,0,0.4222703749121311
65142,STAD-MOV-065142,Loft,0,0.18057586770263728
65259,STAD-MOV-065259,Involuntary (De ofrivilliga),0,0.08696766386701019
65300,STAD-MOV-065300,Jack Brooks: Monster Slayer,0,0.23015698005676383
65357,STAD-MOV-065357,House of Sand (Casa de Areia),0,0.13814815414184256
65435,STAD-MOV-065435,Open Season 2,0,0.5373362427467219
65685,STAD-MOV-065685,Inkheart,1,0.2338703881743344
65731,STAD-MOV-065731,"Alphabet Killer, The",0,0.09688474590566475
65740,STAD-MOV-065740,Revenge of the Nerds IV: Nerds in Love,0,0.5896103811429739
65770,STAD-MOV-065770,Save Me,0,0.1259473600183017
65899,STAD-MOV-065899,12:01,0,0.7092064020331118
65927,STAD-MOV-065927,Night Train,0,0.3539026776187302
65974,STAD-MOV-065974,Shadow of the Holy Book (Pyhän kirjan varjo),0,0.036478523853997545
66097,STAD-MOV-066097,Coraline,1,0.12235035006075144
66105,STAD-MOV-066105,"Psychomania (Death Wheelers, The)",0,0.0722212642542153
66140,STAD-MOV-066140,Blackout,0,0.1866789149127764
66250,STAD-MOV-066250,California,0,0.13870652569770248
66437,STAD-MOV-066437,Man in the Chair,0,0.20296439247318226
66859,STAD-MOV-066859,"Adventures of Food Boy, The (aka High School Superhero)",0,0.1820026940459522
66870,STAD-MOV-066870,Everlasting Moments (Maria Larssons eviga ögonblick),0,0.08696766386701019
67070,STAD-MOV-067070,Army of One (Joshua Tree),0,0.6707993399412995
67603,STAD-MOV-067603,Blue Steel,0,0.01528382752575156
67748,STAD-MOV-067748,Scenes of a Sexual Nature,0,0.2682799371412529
67799,STAD-MOV-067799,The Butterfly Effect 3: Revelations,1,0.44360432581912196
67871,STAD-MOV-067871,Rest Stop,0,0.20467294664424107
67907,STAD-MOV-067907,Kiler,0,0.5822341383418826
68153,STAD-MOV-068153,Double Trouble,0,0.30156714221552267
68163,STAD-MOV-068163,Lust for Gold,0,0.11990926674993231
68246,STAD-MOV-068246,Fraternity Demon,0,0.3326302709680567
68480,STAD-MOV-068480,Flatfoot on the Nile (Piedone d'Egitto),0,0.21020487214149877
68653,STAD-MOV-068653,"Devil Is a Woman, The",0,0.09370827049399301
68872,STAD-MOV-068872,Paisan (Paisà),0,0.15621865502469492
68901,STAD-MOV-068901,Chop Shop,0,0.1259473600183017
68932,STAD-MOV-068932,"Soloist, The",1,0.0753742642248752
69134,STAD-MOV-069134,Antichrist,1,0.19451330844464007
69356,STAD-MOV-069356,Zulu Dawn,0,0.5397160818248975
69372,STAD-MOV-069372,Big Man Japan (Dai-Nihonjin),0,0.42525966900342105
69706,STAD-MOV-069706,Mumia Abu-Jamal: A Case for Reasonable Doubt?,0,0.07607152404796255
69773,STAD-MOV-069773,Madame Bovary,0,0.07028189139946774
69830,STAD-MOV-069830,Iron Maiden: Flight 666,0,0.013639023297547737
69849,STAD-MOV-069849,Roots,1,0.042480463459389876
69919,STAD-MOV-069919,"Mark of Cain, The",0,0.1259473600183017
69974,STAD-MOV-069974,Shiver (Eskalofrío),0,0.14721442731311052
69986,STAD-MOV-069986,"Cold Water (Eau Froide, L')",0,0.3954238080983725
70206,STAD-MOV-070206,"Collector, The",0,0.1757004218859974
70208,STAD-MOV-070208,"Perfect Getaway, A",1,0.12526000365624204
70377,STAD-MOV-070377,Where Danger Lives,0,0.12095520053291121
70432,STAD-MOV-070432,Fail Safe,0,0.44584497676028534
70670,STAD-MOV-070670,Second Wind (Le deuxième souffle) (Second Breath),0,0.11138586549546924
70730,STAD-MOV-070730,Feel the Noise,0,0.1259473600183017
70817,STAD-MOV-070817,Shadow Warriors 2 (Assault on Devil's Island),0,0.7127208789669423
70821,STAD-MOV-070821,Cinematographer Style,0,0.039132364795131935
70992,STAD-MOV-070992,Cargo 200 (Gruz 200),0,0.1259473600183017
71065,STAD-MOV-071065,Cosmonaut (Cosmonauta),0,0.1157192191804945
71160,STAD-MOV-071160,"Hunt For Gollum, The",0,0.12993287389810756
71409,STAD-MOV-071409,"Execution of P, The (Kinatay)",0,0.25863616499187897
71444,STAD-MOV-071444,Thirst (Pyaasa),0,0.3617088464994886
71472,STAD-MOV-071472,"Cameraman's Revenge, The (Mest kinematograficheskogo operatora)",0,0.02293097589147991
71537,STAD-MOV-071537,Fame,0,0.1617698330272623
71582,STAD-MOV-071582,David and Lisa,0,0.22555102689789713
71634,STAD-MOV-071634,"Story of Louis Pasteur, The",0,0.04113569829303577
71899,STAD-MOV-071899,Mary and Max,1,0.14336140238069958
72228,STAD-MOV-072228,Creation,0,0.0712126827851331
72300,STAD-MOV-072300,"Hart of London, The",0,0.15209151027099635
72505,STAD-MOV-072505,Wake of Death,0,0.5214480394307313
72552,STAD-MOV-072552,Oxford Blues,0,0.4352875426318247
72585,STAD-MOV-072585,Carnival in Flanders (La kermesse héroïque),0,0.12267153575352621
72605,STAD-MOV-072605,Brothers,1,0.28920148024606496
72637,STAD-MOV-072637,Printed Rainbow,0,0.2202586393965171
72781,STAD-MOV-072781,Red Chapel (Røde kapel),0,0.022934760617175396
72833,STAD-MOV-072833,"Art of Travel, The",0,0.24321342032673285
72949,STAD-MOV-072949,Faith Like Potatoes,0,0.13193906397560987
73025,STAD-MOV-073025,"Art of War II: Betrayal, The",0,0.3725611656804218
73049,STAD-MOV-073049,Uncertainty,0,0.5007953314669533
73099,STAD-MOV-073099,"Profit, The",0,0.2307382259164821
73154,STAD-MOV-073154,"H.M. Pulham, Esq.",0,0.1471944246894957
73236,STAD-MOV-073236,Direct Contact,0,0.10320346171740097
73608,STAD-MOV-073608,Heat,0,0.2253667420434038
73639,STAD-MOV-073639,"Actress, the Dollars and the Transylvanians, The (Artista, dolarii si Ardelenii)",0,0.11885706571649117
73813,STAD-MOV-073813,Flock of Dodos: The Evolution-Intelligent Design Circus,0,0.039132364795131935
73914,STAD-MOV-073914,Sometimes a Great Notion,0,0.22788242982468151
74113,STAD-MOV-074113,Japan's Longest Day (Nihon no ichiban nagai hi),0,0.1149999864236671
74115,STAD-MOV-074115,Dante's Inferno Animated,0,0.13403334553138987
74127,STAD-MOV-074127,Shriek of the Mutilated,0,0.09411147534564618
74129,STAD-MOV-074129,Four Eyed Monsters,0,0.23024754758462024
74144,STAD-MOV-074144,Crime and Punishment,0,0.04113569829303577
74152,STAD-MOV-074152,Zach Galifianakis: Live at the Purple Onion,0,0.13924530310928612
74282,STAD-MOV-074282,Anne of Green Gables: The Sequel (a.k.a. Anne of Avonlea),0,0.5831829753499315
74473,STAD-MOV-074473,"Case of the Whitechapel Vampire, The",0,0.39170496663763293
74886,STAD-MOV-074886,Taras Bulba,0,0.3806033907639934
74967,STAD-MOV-074967,"Mysteries of Pittsburgh, The",0,0.2183995643477055
75349,STAD-MOV-075349,Teenage Caveman,0,0.4089663062086572
75397,STAD-MOV-075397,Torrid Zone,0,0.20840873417902706
75414,STAD-MOV-075414,Blade of the Ripper,0,0.1973114928580673
75434,STAD-MOV-075434,"Wrestler, The (Painija)",0,0.12162287710683846
75803,STAD-MOV-075803,Our Family Wedding,0,0.12255551490520665
75929,STAD-MOV-075929,Possession,0,0.3230569302437422
76056,STAD-MOV-076056,New York,0,0.2643504222317032
76147,STAD-MOV-076147,I Hate Valentine's Day,0,0.22897212387476312
76258,STAD-MOV-076258,Varg Veum - Fallen Angels (Varg Veum - Falne Engler),0,0.25076115613972827
76823,STAD-MOV-076823,"Men Who Tread on the Tiger's Tail, The (Tora no o wo fumu otokotachi)",0,0.202526182700904
76873,STAD-MOV-076873,Angel of Death,0,0.34441178075352
77344,STAD-MOV-077344,Chizuko's Younger Sister (Futari),0,0.27128170075396696
77362,STAD-MOV-077362,Texas Carnival,0,0.13338712716205023
77468,STAD-MOV-077468,Bloody Territories (Kôiki bôryoku: ryuuketsu no shima),0,0.19530376457252646
77738,STAD-MOV-077738,Living Death,0,0.27675143195352464
77808,STAD-MOV-077808,Bobby Deerfield,0,0.2344711192399525
77831,STAD-MOV-077831,"Fine, Totally Fine (Zenzen Daijobu)",0,0.1820026940459522
78019,STAD-MOV-078019,Adam Resurrected,0,0.10462838116926812
78045,STAD-MOV-078045,Tora-san's Love Call (Otoko wa tsurai yo: Torajiro koiuta),0,0.12231564636996692
78066,STAD-MOV-078066,Sada,0,0.22555102689789713
78270,STAD-MOV-078270,May Fools (Milou en mai),0,0.5228006011298638
78313,STAD-MOV-078313,Adulthood,0,0.08696766386701019
78329,STAD-MOV-078329,Reconstituirea (Reconstruction),0,0.1462545579804363
78438,STAD-MOV-078438,Edge of the City,0,0.10603222454660413
78483,STAD-MOV-078483,Gigot,0,0.11933142916972213
78488,STAD-MOV-078488,Dhoondte Reh Jaoge,0,0.20221558341366103
78534,STAD-MOV-078534,Adrift (À Deriva),0,0.0712126827851331
78673,STAD-MOV-078673,Children in the Wind (Kaze no naka no kodomo),0,0.04857025117620873
78696,STAD-MOV-078696,"Moment After 2, The: The Awakening",0,0.4281817708669256
78715,STAD-MOV-078715,"Woman of Affairs, A",0,0.05793039154516745
79073,STAD-MOV-079073,When You're Strange,0,0.013639023297547737
79083,STAD-MOV-079083,Young Bess,0,0.1290263454588059
79207,STAD-MOV-079207,Fear City,0,0.5109403301119102
79505,STAD-MOV-079505,North (Nord),0,0.20221558341366103
79547,STAD-MOV-079547,2:13,0,0.12526000365624204
79640,STAD-MOV-079640,"Terrace, The (Terrazza, La)",0,0.28497607043523376
79775,STAD-MOV-079775,"Story of My Life, The (Mensonges et trahisons et plus si affinités...)",0,0.3701546808204762
80014,STAD-MOV-080014,Ole dole doff,0,0.15050995133042
80054,STAD-MOV-080054,Blood into Wine,0,0.01427179214721467
80179,STAD-MOV-080179,Golem,0,0.4001361959496417
80195,STAD-MOV-080195,Shouting Fire: Stories from the Edge of Free Speech,0,0.013639023297547737
80204,STAD-MOV-080204,Vesku from Finland (Vesku),0,0.01427179214721467
80258,STAD-MOV-080258,"Moon Is Blue, The",0,0.1975754387399514
80313,STAD-MOV-080313,"Oh, Susanna!",0,0.05211476001439802
80469,STAD-MOV-080469,Superman/Batman: Apocalypse,0,0.019360218635077694
80759,STAD-MOV-080759,Hardcore,0,0.34623767190674726
80880,STAD-MOV-080880,Stone,0,0.29425736190757185
81102,STAD-MOV-081102,"Padrecito, El (Little Priest)",0,0.12239496869312633
81111,STAD-MOV-081111,Peepli Live,0,0.21574293539480105
81274,STAD-MOV-081274,Under the Stars (Bajo las estrellas),0,0.1259473600183017
81432,STAD-MOV-081432,"Finances of the Grand Duke, The (Die Finanzen des Großherzogs)",0,0.020553985096890177
81671,STAD-MOV-081671,"Tramp, The (Awaara) (Awara)",0,0.3233600819329511
81903,STAD-MOV-081903,"Lost Skeleton Returns Again, The",0,0.1157192191804945
81957,STAD-MOV-081957,"World Unseen, The",0,0.23003272653043064
82011,STAD-MOV-082011,Bad Family (Paha Perhe),0,0.21574293539480105
82030,STAD-MOV-082030,"Lesson in Love, A (En lektion i kärlek)",0,0.13231415210927513
82095,STAD-MOV-082095,Skyline,1,0.2980479216409427
82179,STAD-MOV-082179,"High Wind in Jamaica, A",0,0.24039399360550578
82186,STAD-MOV-082186,It's Alive 2: It Lives Again,0,0.1743172219323326
82454,STAD-MOV-082454,Days of Glory,0,0.12317759856570161
82567,STAD-MOV-082567,Riffraff,0,0.07735247104896399
82635,STAD-MOV-082635,Glue,0,0.13193906397560987
82877,STAD-MOV-082877,Moonlight Serenade,0,0.07797898836156525
83258,STAD-MOV-083258,C(r)ook (Basta - Rotwein Oder Totsein),0,0.2785421301507764
83318,STAD-MOV-083318,"Goat, The",0,0.018433128191142952
83437,STAD-MOV-083437,"Young in Heart, The",0,0.06726676068849863
83605,STAD-MOV-083605,Saint Ange (House of Voices),0,0.273926333183617
83656,STAD-MOV-083656,Tango Kabaree,0,0.06939213880950107
83660,STAD-MOV-083660,Trog,0,0.1445904806106217
83801,STAD-MOV-083801,"Film Unfinished, A (Shtikat Haarchion)",0,0.06564580968071027
84128,STAD-MOV-084128,"Tuesday, After Christmas (Marti, dupa craciun)",0,0.2313755949429129
84230,STAD-MOV-084230,"Balloonatic, The",0,0.020553985096890177
84242,STAD-MOV-084242,Welcome to the Rileys,0,0.09072623368529595
84442,STAD-MOV-084442,Dark Forces (Harlequin),0,0.27606100741233947
84483,STAD-MOV-084483,"Magic Gloves, The (Los guantes mágicos)",0,0.36152204430686574
84508,STAD-MOV-084508,The Raid,0,0.23121445855693598
84641,STAD-MOV-084641,Skippy,0,0.03664394436326465
84646,STAD-MOV-084646,All the Brothers Were Valiant,0,0.26444967899122085
84665,STAD-MOV-084665,Pepe,0,0.18612862433420682
84714,STAD-MOV-084714,Hands of the Ripper,0,0.18037163658619162
84768,STAD-MOV-084768,Glitterbug,0,0.07340830904185641
85010,STAD-MOV-085010,Background to Danger,0,0.11748353617905516
85025,STAD-MOV-085025,"Eagle, The",1,0.27307441986891123
85175,STAD-MOV-085175,Liliom,0,0.1156493971593736
85213,STAD-MOV-085213,"Sunset Limited, The",0,0.06430996225642027
85585,STAD-MOV-085585,Winnie the Pooh and a Day for Eeyore,0,0.15263737331966204
85763,STAD-MOV-085763,Beneath Hill 60,0,0.11204790327756958
85788,STAD-MOV-085788,Insidious,1,0.1236569849047292
86061,STAD-MOV-086061,"Question of Silence, A (De stilte rond Christine M.)",0,0.26855347686012415
86263,STAD-MOV-086263,Grown Up Movie Star,0,0.0712126827851331
86279,STAD-MOV-086279,Into Eternity,0,0.01427179214721467
86330,STAD-MOV-086330,Forever Strong,0,0.08696766386701019
86420,STAD-MOV-086420,Two Drifters (Odete),0,0.13814815414184256
86438,STAD-MOV-086438,Laaga Chunari Mein Daag: Journey of a Woman,0,0.1259473600183017
86606,STAD-MOV-086606,Tracker,0,0.544390086462511
86644,STAD-MOV-086644,"Fast Five (Fast and the Furious 5, The)",1,0.7363386850361131
86826,STAD-MOV-086826,June 9 (2008),0,0.134109749632777
86922,STAD-MOV-086922,Nothing to Declare (Rien à déclarer),0,0.12255551490520665
86929,STAD-MOV-086929,"Sin of Madelon Claudet, The",0,0.03974463284837159
86988,STAD-MOV-086988,Ballou,0,0.023751382907418878
87012,STAD-MOV-087012,Under Our Skin,0,0.03107373338124982
87036,STAD-MOV-087036,Comedy of Innocence (Comédie de l'innocence),0,0.44584497676028534
87063,STAD-MOV-087063,Bis zum Ellenbogen,0,0.1990731450678753
87234,STAD-MOV-087234,Submarine,1,0.2952809061157365
87298,STAD-MOV-087298,Everything Must Go,1,0.21574293539480105
87300,STAD-MOV-087300,Eyes of the Mothman,0,0.0147516807781117
87320,STAD-MOV-087320,"Oath, The",0,0.01427179214721467
87392,STAD-MOV-087392,"Working Class Goes to Heaven, The (a.k.a. Lulu the Tool) (La classe operaia va in paradiso)",0,0.15138866045370894
87403,STAD-MOV-087403,48 Shades,0,0.21190635195891977
87444,STAD-MOV-087444,Elektra Luxx,0,0.12255551490520665
87514,STAD-MOV-087514,Papa's Delicate Condition,0,0.09940862996518572
87618,STAD-MOV-087618,"Mattei Affair, The (Il caso Mattei)",0,0.14924191593305067
87702,STAD-MOV-087702,Every Night Dreams (Each Night I Dream) (Yogoto no yume),0,0.03391398670383202
87806,STAD-MOV-087806,Who Are the DeBolts? [And Where Did They Get 19 Kids?],0,0.18920970169762488
87990,STAD-MOV-087990,"If I Want to Whistle, I Whistle (Eu cand vreau sa fluier, fluier)",0,0.09072623368529595
88053,STAD-MOV-088053,Hangtime - Kein leichtes Spiel,0,0.0712126827851331
88071,STAD-MOV-088071,Ballerina (La mort du cygne),0,0.280928835491841
88125,STAD-MOV-088125,Harry Potter and the Deathly Hallows: Part 2,1,0.8043032023100983
88192,STAD-MOV-088192,"Poker House, The",0,0.08696766386701019
88329,STAD-MOV-088329,Madeleine,0,0.0933764174824163
88331,STAD-MOV-088331,Exodus (Cheut ai kup gei),0,0.1888178899186313
88414,STAD-MOV-088414,"Winner, The",0,0.6199044832227812
88417,STAD-MOV-088417,Exposed,0,0.2818121455716025
88568,STAD-MOV-088568,Oki's Movie (Ok-hui-ui yeonghwa),0,0.21574293539480105
88759,STAD-MOV-088759,Coffin Rock,0,0.07984005335648295
89090,STAD-MOV-089090,Bill Cunningham New York,0,0.0147516807781117
89341,STAD-MOV-089341,Night Ambush (Ill Met by Moonlight),0,0.47922185150395663
89480,STAD-MOV-089480,Sleeping Beauty,0,0.06430996225642027
89532,STAD-MOV-089532,"House of the Seven Gables, The",0,0.1747259729831027
89658,STAD-MOV-089658,Green Fire,0,0.2580417217045448
89718,STAD-MOV-089718,Sweet Karma,0,0.2643504222317032
89722,STAD-MOV-089722,"Horrible Way to Die, A (2010)",0,0.1264251046114294
89969,STAD-MOV-089969,"Legend of Suram Fortress, The (Ambavi Suramis tsikhitsa) (1986)",0,0.07169125127256734
89971,STAD-MOV-089971,On the Double,0,0.12525744778393466
89994,STAD-MOV-089994,Rabbit à la Berlin (Królik po berlinsku),0,0.014376859910814086
90106,STAD-MOV-090106,Pigskin Parade,0,0.037305720640103755
90154,STAD-MOV-090154,"Caller, The",0,0.07195648261418744
90424,STAD-MOV-090424,"League of Gentlemen, The",0,0.17348237320807364
90453,STAD-MOV-090453,Mystics in Bali (Leák),0,0.34120214212883787
90552,STAD-MOV-090552,Blame (6 Films to Keep You Awake) (Películas para no dormir: La culpa),0,0.032845860814511844
90564,STAD-MOV-090564,"Screaming Man, A (Un homme qui crie)",0,0.09072623368529595
90662,STAD-MOV-090662,"Veteran, The",0,0.2954855511113032
90717,STAD-MOV-090717,Tower Heist,1,0.26417676980685006
90819,STAD-MOV-090819,"Last Days of Pompeii, The",0,0.19121563881468298
90903,STAD-MOV-090903,Mahjong (Ma jiang),0,0.5343490094904724
91014,STAD-MOV-091014,Shaolin (Xin shao lin si),0,0.29046732036141365
91058,STAD-MOV-091058,Make Like a Thief (Juokse kuin varas),0,0.1077155242159331
91163,STAD-MOV-091163,Moonlight and Cactus,0,0.18045102437794255
91233,STAD-MOV-091233,Lifted,0,0.2893148086226554
91241,STAD-MOV-091241,Singham,0,0.1684931885014441
91416,STAD-MOV-091416,Miss Bala,0,0.5134669442165248
91511,STAD-MOV-091511,"Goddess, The (Shen nu)",0,0.040345175450731546
91558,STAD-MOV-091558,Flamenco (de Carlos Saura),0,0.2522614465443231
91589,STAD-MOV-091589,"Forty-first, The (Sorok pervyy)",0,0.2550345892443366
91741,STAD-MOV-091741,Peas at 5:30 (Erbsen auf halb 6),0,0.3494236134030132
91743,STAD-MOV-091743,Today's Special,0,0.1157192191804945
91793,STAD-MOV-091793,"Painting Sellers, The (Taulukauppiaat)",0,0.09072623368529595
91795,STAD-MOV-091795,Hans (Kukkulan kuningas) (2009),0,0.146138470783983
91805,STAD-MOV-091805,Ladies vs. Ricky Bahl,0,0.16942868865056412
91854,STAD-MOV-091854,Mantrap,0,0.023150137742363863
91960,STAD-MOV-091960,"Magic Christmas Tree, The",0,0.4244092794398495
91993,STAD-MOV-091993,All Night Long,0,0.22197054996083704
92025,STAD-MOV-092025,My Man and I,0,0.22139406078680302
92188,STAD-MOV-092188,Call Her Savage,0,0.034485855056303055
92192,STAD-MOV-092192,Apollo 18,0,0.15719091977847463
92196,STAD-MOV-092196,Crazy Horse,0,0.0147516807781117
92259,STAD-MOV-092259,Intouchables,1,0.16942868865056412
92314,STAD-MOV-092314,Varasto,0,0.16942868865056412
92427,STAD-MOV-092427,Woman in Love (Rubbeldiekatz),0,0.10636845401354407
92453,STAD-MOV-092453,"Moine, Le (Monk, The)",0,0.15492546013972053
92490,STAD-MOV-092490,Barbie in the Nutcracker,0,0.2672555414634303
92670,STAD-MOV-092670,"Jodorowsky Constellation, The (La constellation Jodorowsky)",0,0.15713199809417833
92696,STAD-MOV-092696,"Shrine, The",0,0.037102342395946376
92852,STAD-MOV-092852,Ricky Rapper and the Bicycle Thief (Risto Räppääjä ja polkupyörävaras),0,0.19006165324140736
93035,STAD-MOV-093035,"Great Sinner, The",0,0.19920510690989202
93185,STAD-MOV-093185,Poppy Shakespeare,0,0.08696766386701019
93328,STAD-MOV-093328,One A.M.,0,0.018433128191142952
93520,STAD-MOV-093520,Adventures of Captain Marvel,0,0.24235627036980503
93674,STAD-MOV-093674,Passion of Love (Passione d'amore),0,0.33797978526717387
93885,STAD-MOV-093885,Osmosis (Osmose),0,0.07585867933546732
94157,STAD-MOV-094157,"Mad Masters, The (Les maîtres fous)",0,0.09590583168844286
94280,STAD-MOV-094280,Spud,0,0.12255551490520665
94310,STAD-MOV-094310,In the Hands of the Gods,0,0.036478523853997545
94352,STAD-MOV-094352,Bride Flight,0,0.08696766386701019
94410,STAD-MOV-094410,Hamlet,0,0.0712126827851331
94494,STAD-MOV-094494,96 Minutes (2011),0,0.15834640129430183
94539,STAD-MOV-094539,Viva Riva!,0,0.09072623368529595
94675,STAD-MOV-094675,Three Steps Above Heaven (Tres metros sobre el cielo),0,0.2313755949429129
94679,STAD-MOV-094679,Thrive,0,0.0147516807781117
94739,STAD-MOV-094739,"Island President, The",0,0.0147516807781117
94928,STAD-MOV-094928,Just Friends?,0,0.06811365391668812
95016,STAD-MOV-095016,"Peach Thief, The (Kradetzat na praskovi)",0,0.20651285284845108
95026,STAD-MOV-095026,Exporting Raymond,0,0.13468916492415048
95085,STAD-MOV-095085,Love's Deadly Triangle: The Texas Cadet Murder,0,0.2635984402713356
95133,STAD-MOV-095133,Blackthorn,0,0.020946587976056304
95165,STAD-MOV-095165,Dragon Ball Z the Movie: The World's Strongest (a.k.a. Dragon Ball Z: The Strongest Guy in The World) (Doragon bôru Z: Kono yo de ichiban tsuyoi yatsu),0,0.8404205970230526
95207,STAD-MOV-095207,Abraham Lincoln: Vampire Hunter,1,0.28634023939808995
95218,STAD-MOV-095218,First Position,0,0.0147516807781117
95375,STAD-MOV-095375,Boundin',0,0.3436585977296083
95521,STAD-MOV-095521,Reminiscences of a Journey to Lithuania,0,0.0747141078508729
95615,STAD-MOV-095615,"Miser, The (L'avare)",0,0.2819274925573608
95746,STAD-MOV-095746,Radio On,0,0.28497607043523376
95941,STAD-MOV-095941,Carbon Nation,0,0.01427179214721467
95961,STAD-MOV-095961,Morning of the Earth,0,0.08044230899730284
95967,STAD-MOV-095967,Marriage Retreat,0,0.16942868865056412
95982,STAD-MOV-095982,"Killing Machine, The (Icarus)",0,0.2407954691829289
96200,STAD-MOV-096200,War of the Dead - Stone's War (2011),0,0.4419635981826621
96302,STAD-MOV-096302,War of the Arrows (Choi-jong-byeong-gi Hwal),0,0.10588345757017077
96367,STAD-MOV-096367,Hit and Run (Hit & Run),0,0.22195908445304696
96469,STAD-MOV-096469,Dara Ó Briain Talks Funny: Live in London,0,0.1820026940459522
96479,STAD-MOV-096479,Nocturno 29,0,0.034111280704447994
96565,STAD-MOV-096565,Bachelorette,0,0.06588168560552833
96592,STAD-MOV-096592,Hello I Must Be Going,0,0.11884173833216309
96697,STAD-MOV-096697,"Walk Softly, Stranger",0,0.11739887689732895
96762,STAD-MOV-096762,Detropia,0,0.014002935418073367
96983,STAD-MOV-096983,Remorques (Stormy Waters),0,0.12879001837836773
97005,STAD-MOV-097005,Just Add Water,0,0.26769677233520955
97008,STAD-MOV-097008,"Return of the Prodigal Son, The (Návrat ztraceného syna)",0,0.15050995133042
97031,STAD-MOV-097031,"Goke, Body Snatcher from Hell (Kyuketsuki Gokemidoro)",0,0.15157360793035426
97055,STAD-MOV-097055,7 Below (Seven Below),0,0.04382887248071375
97194,STAD-MOV-097194,"Thing: Terror Takes Shape, The",0,0.0607200841821472
97250,STAD-MOV-097250,Charlie Chan in London,0,0.09173740589901905
97300,STAD-MOV-097300,Björk: Volumen,0,0.09398903277612267
97302,STAD-MOV-097302,Madame Tutli-Putli,0,0.10040385273185239
97393,STAD-MOV-097393,"House I Live In, The",0,0.014002935418073367
97395,STAD-MOV-097395,West of Memphis,0,0.014002935418073367
97732,STAD-MOV-097732,Tom & Thomas,0,0.5565047818748123
97799,STAD-MOV-097799,Like Dandelion Dust,0,0.0712126827851331
97897,STAD-MOV-097897,Kounterfeit,0,0.6297087770243334
97955,STAD-MOV-097955,Gable: The King Remembered,0,0.11552296520100276
98043,STAD-MOV-098043,Fate of a Man (Sudba cheloveka),0,0.12152225540388271
98189,STAD-MOV-098189,"Moth Diaries, The",0,0.08183322914028895
98296,STAD-MOV-098296,Deadfall,0,0.1480754544767714
98328,STAD-MOV-098328,Chronicle of My Mother (Waga haha no ki),0,0.06430996225642027
98385,STAD-MOV-098385,Jungle de Ikou (Jungre de Ikou),0,0.06331688653200185
98493,STAD-MOV-098493,To Kill with Intrigue (Jian hua yan yu Jiang Nan),0,0.18621829540325746
98523,STAD-MOV-098523,Arcade,0,0.4152709609475443
98619,STAD-MOV-098619,L'instant et la patience (1994),0,0.018051600262579504
98834,STAD-MOV-098834,"Fitzgerald Family Christmas, The",0,0.04545743569612056
98856,STAD-MOV-098856,Heroic Cops (Jing wang shuang xiong),0,0.222536562296205
98913,STAD-MOV-098913,Violeta Went to Heaven (Violeta se fue a los cielos),0,0.06430996225642027
98965,STAD-MOV-098965,Consuming Spirits,0,0.0726718999165621
99028,STAD-MOV-099028,Frenchmen (Le coeur des hommes),0,0.4425174116458811
99054,STAD-MOV-099054,"Ring Finger, The (L'annulaire)",0,0.13814815414184256
99126,STAD-MOV-099126,"Public Woman, The (Femme publique, La)",0,0.2889269176900996
99249,STAD-MOV-099249,"Marine Story, A",0,0.09072623368529595
99384,STAD-MOV-099384,How to Stop Being a Loser,0,0.10636845401354407
99491,STAD-MOV-099491,Booker's Place: A Mississippi Story,0,0.02465700148383923
99594,STAD-MOV-099594,Offender,0,0.21056038124333157
99613,STAD-MOV-099613,Private Romeo,0,0.06430996225642027
99811,STAD-MOV-099811,Beware of Mr. Baker,0,0.014002935418073367
99843,STAD-MOV-099843,Mea Maxima Culpa: Silence in the House of God,0,0.014002935418073367
99960,STAD-MOV-099960,Nursery University,0,0.03107373338124982
100083,STAD-MOV-100083,Movie 43,0,0.027490500813859075
100089,STAD-MOV-100089,Star Wars Uncut: Director's Cut,0,0.19664883750382703
100196,STAD-MOV-100196,Tom Petty and the Heartbreakers: Runnin' Down a Dream,0,0.028632839142935424
100268,STAD-MOV-100268,Un vampiro para dos,0,0.06812559110027473
100397,STAD-MOV-100397,"ABCs of Death, The",0,0.031738158710604335
100651,STAD-MOV-100651,Breaking the Surface: The Greg Louganis Story,0,0.2635984402713356
100741,STAD-MOV-100741,Sixtynine (69),0,0.14682257887624878
100906,STAD-MOV-100906,Maniac Cop 2,0,0.4610692034579003
100942,STAD-MOV-100942,Gunfighter's Moon,0,0.3566584698632729
101006,STAD-MOV-101006,"Aral, Fishing in an Invisible Sea",0,0.09085592794400354
101064,STAD-MOV-101064,Verboten!,0,0.26247328701480926
101170,STAD-MOV-101170,"Borrowers, The",0,0.31571160306373386
101210,STAD-MOV-101210,"Silence, The (Das letzte Schweigen)",0,0.2906450335130928
101218,STAD-MOV-101218,Leviathan,0,0.014002935418073367
101260,STAD-MOV-101260,StarStruck,0,0.1176164219512461
101262,STAD-MOV-101262,Geek Charming,0,0.10636845401354407
101287,STAD-MOV-101287,"Red Spectacles, The (Jigoku no banken: akai megane)",0,0.38020127575836044
101402,STAD-MOV-101402,Riders of the Purple Sage,0,0.5249743000153241
101423,STAD-MOV-101423,Mezzo Forte,0,0.3324312052547583
101468,STAD-MOV-101468,"Cottage, The",0,0.06879263909282457
101505,STAD-MOV-101505,30 Beats,0,0.09689439675966083
101648,STAD-MOV-101648,"Flat, The",0,0.0147516807781117
101672,STAD-MOV-101672,Dr. Dolittle 3,0,0.4897190362809444
101823,STAD-MOV-101823,Poor White Trash,0,0.5048560424026548
101991,STAD-MOV-101991,"H-Man, The (Bijo to Ekitainingen)",0,0.36663097623993696
102049,STAD-MOV-102049,Mexican Hayride,0,0.08596864383728922
102113,STAD-MOV-102113,One-Eyed Monster,0,0.2713544086613696
102158,STAD-MOV-102158,Three Degrees Colder (3° kälter),0,0.2570267558368816
102174,STAD-MOV-102174,Day of the Falcon,0,0.27307441986891123
102325,STAD-MOV-102325,Number Two (Numéro deux),0,0.18633065552098083
102373,STAD-MOV-102373,"Tomorrow, the World!",0,0.16704719863636883
102376,STAD-MOV-102376,Enter the Phoenix (Da lao ai mei li),0,0.44336088732461937
102429,STAD-MOV-102429,"Little Thief, The (La petite voleuse)",0,0.4604681991689343
102529,STAD-MOV-102529,"Harvest: 3,000 Years (Mirt Sost Shi Amit)",0,0.18633065552098083
102751,STAD-MOV-102751,Bastards of the Party,0,0.08549747848677465
102765,STAD-MOV-102765,Bush Mama,0,0.28497607043523376
102817,STAD-MOV-102817,Cell Count,0,0.09027976538797791
102980,STAD-MOV-102980,Opera Jawa,0,0.05432155696252429
103048,STAD-MOV-103048,"Kings of Summer, The",0,0.027490500813859075
103112,STAD-MOV-103112,Perfumed Nightmare,0,0.2536580113663002
103286,STAD-MOV-103286,Shark Alarm at Müggelsee (Hai Alarm am Müggelsee),0,0.027490500813859075
103308,STAD-MOV-103308,Känd från TV,0,0.35198830622677996
103460,STAD-MOV-103460,Ghoulies III: Ghoulies Go to College,0,0.3209626542567888
103483,STAD-MOV-103483,V/H/S/2,0,0.0187182247179449
103519,STAD-MOV-103519,American Samurai (Ninja: American Samurai),0,0.163536131962932
103671,STAD-MOV-103671,Joker,0,0.06588168560552833
103673,STAD-MOV-103673,Gitmo,0,0.08549747848677465
103736,STAD-MOV-103736,Scenic Route,0,0.061358562186774934
103821,STAD-MOV-103821,"Death of the Incredible Hulk, The",0,0.17017281660652775
103867,STAD-MOV-103867,Night Train To Lisbon,0,0.033742886951418014
104061,STAD-MOV-104061,Battle for Brooklyn,0,0.0147516807781117
104236,STAD-MOV-104236,Criminal Justice,0,0.2843489317375133
104243,STAD-MOV-104243,Riddick,1,0.7808713178726272
104356,STAD-MOV-104356,Museum Hours,0,0.03700506032798104
104508,STAD-MOV-104508,Dieta mediterránea,0,0.2816853541951766
104608,STAD-MOV-104608,Autopsy,0,0.09596703541312092
104736,STAD-MOV-104736,Closed Circuit,0,0.03410038856500322
104800,STAD-MOV-104800,Schwarze Sonne,0,0.0607200841821472
104841,STAD-MOV-104841,Gravity,1,0.5938934507929293
104903,STAD-MOV-104903,Good Vibrations,0,0.03925353979821013
104959,STAD-MOV-104959,Aurora Borealis,0,0.2570267558368816
104990,STAD-MOV-104990,"Jerk Theory, The",0,0.1157192191804945
105057,STAD-MOV-105057,Saint Joan,0,0.22778513421968125
105068,STAD-MOV-105068,Hawking,0,0.01129659013215481
105159,STAD-MOV-105159,Alps (Alpeis),0,0.06430996225642027
105197,STAD-MOV-105197,Nebraska,1,0.07195167379658726
105211,STAD-MOV-105211,Enough Said,1,0.05134296922827967
105234,STAD-MOV-105234,Wanda Sykes: Sick and Tired,0,0.13924530310928612
105238,STAD-MOV-105238,New Town Killers,0,0.08696766386701019
105246,STAD-MOV-105246,Mood Indigo (L'écume des jours),0,0.042146548783088454
105279,STAD-MOV-105279,Adventures of Kitty O'Day (Kitty O'Day Comes Through),0,0.0943462405148695
105328,STAD-MOV-105328,America the Beautiful 2: The Thin Commandments (2011),0,0.018051600262579504
105463,STAD-MOV-105463,Alice Upside Down (Alice),0,0.5217180641561459
105477,STAD-MOV-105477,Talaash,0,0.07047010266020816
105665,STAD-MOV-105665,Dances With the Dragons ( Yu long gong wu),0,0.5376962751014189
105720,STAD-MOV-105720,"Thief of Paris, The (Le voleur)",0,0.16241153835011202
105805,STAD-MOV-105805,Episode 3: Enjoy Poverty,0,0.014376859910814086
105819,STAD-MOV-105819,Back to the Secret Garden,0,0.6382385936599115
105833,STAD-MOV-105833,Bloody New Year,0,0.36801631297390636
105846,STAD-MOV-105846,Only Daughter,0,0.03700506032798104
105849,STAD-MOV-105849,"Trouble with the Truth, The",0,0.1774484325812511
105890,STAD-MOV-105890,"White Dwarf, The (Valkoinen kääpiö)",0,0.07747569616891879
106052,STAD-MOV-106052,Death by China (2012),0,0.018051600262579504
106054,STAD-MOV-106054,Het Vonnis,0,0.05109370345661578
106057,STAD-MOV-106057,Wind with the Gone (El viento se llevó lo qué),0,0.41288913632963903
106355,STAD-MOV-106355,Apartment 4E (2012),0,0.17242026202893337
106460,STAD-MOV-106460,Curse of the Oily Man (Sumpah orang minyak) (1956),0,0.161441149008848
106508,STAD-MOV-106508,"Dyatlov Pass Incident, The (Devil's Pass)",0,0.03453712982813357
106592,STAD-MOV-106592,"Happy Poet, The",0,0.2952809061157365
106753,STAD-MOV-106753,Shed No Tears (Känn ingen sorg),0,0.044495119044116106
106967,STAD-MOV-106967,"April Fools, The",0,0.229221497884518
107032,STAD-MOV-107032,Route 666,0,0.36338294828809864
107069,STAD-MOV-107069,Lone Survivor,1,0.2784435593817374
107130,STAD-MOV-107130,"Adventure in Space and Time, An",0,0.03700506032798104
107196,STAD-MOV-107196,Is the Man Who Is Tall Happy?,0,0.007991817844715325
107234,STAD-MOV-107234,Deadly Surveillance,0,0.3900368480426288
107274,STAD-MOV-107274,"Deep, The (Djúpið)",0,0.04545743569612056
107338,STAD-MOV-107338,Dampfnudelblues,0,0.07570240954674147
107370,STAD-MOV-107370,Footprints on the Moon (Le orme) (Primal Impulse),0,0.31281712772809955
107460,STAD-MOV-107460,La guerre des tuques,0,0.6758584162012327
107499,STAD-MOV-107499,"Vida precoz y breve de Sabina Rivas, La (Precocious and Brief Life of Sabina Rivas, The)",0,0.1159734475393779
107603,STAD-MOV-107603,Heiter bis wolkig,0,0.11884173833216309
107643,STAD-MOV-107643,Here Without Me (Inja bedoone man),0,0.11466777995263677
107716,STAD-MOV-107716,"Citizen, The",0,0.04545743569612056
107853,STAD-MOV-107853,Scorching Winds (Garm Hava) (Garam Hawa),0,0.1958569848529278
107966,STAD-MOV-107966,Caught,0,0.3146963359685642
107980,STAD-MOV-107980,"Railway Man, The",0,0.03700506032798104
107982,STAD-MOV-107982,Sand Sharks,0,0.32749603577992825
107984,STAD-MOV-107984,Massacre Canyon,0,0.08434120054629864
107987,STAD-MOV-107987,Diana,0,0.05459851852174483
108001,STAD-MOV-108001,To Tulsa and Back: On Tour with J.J. Cale,0,0.08549747848677465
108076,STAD-MOV-108076,"Other Shore, The",0,0.022921238120105547
108192,STAD-MOV-108192,Hotel Chevalier (Part 1 of 'The Darjeeling Limited'),0,0.1259473600183017
108253,STAD-MOV-108253,Shadow Puppets,0,0.19015752918693019
108282,STAD-MOV-108282,"First Power, The",0,0.510677191467747
108316,STAD-MOV-108316,American Scary,0,0.09774469684581544
108407,STAD-MOV-108407,Yanco (1961),0,0.07169125127256734
108466,STAD-MOV-108466,Curse of the Ring (Ring of the Nibelungs),0,0.5104108184692944
108499,STAD-MOV-108499,True Confession,0,0.06872286857428082
108522,STAD-MOV-108522,"Goebbels Experiment, The (Das Goebbels Experiment)",0,0.08549747848677465
108542,STAD-MOV-108542,Wyoming Renegades,0,0.15524365608827836
108674,STAD-MOV-108674,Bachelor Apartment,0,0.05076727642478277
108687,STAD-MOV-108687,Gas,0,0.28863678400324677
108694,STAD-MOV-108694,Yu-Gi-Oh!: Bonds Beyond Time (Gekijouban Yuugiou: Chouyuugou! Jikuu o koeta kizuna),0,0.061316232570412396
108752,STAD-MOV-108752,Headquarters (Päämaja) (1970),0,0.016960876147718094
108852,STAD-MOV-108852,Behind Enemy Lines,0,0.5783851885101707
108899,STAD-MOV-108899,Gloria,0,0.04984061810072224
108924,STAD-MOV-108924,Best of the Badmen,0,0.10346800390449884
108942,STAD-MOV-108942,Dirty Story,0,0.07440851904118628
109066,STAD-MOV-109066,You Ain't Seen Nothin' Yet (Vous n'avez encore rien vu),0,0.04545743569612056
109069,STAD-MOV-109069,"Lost Reels of Pancho Villa, The (Los rollos perdidos de Pancho Villa)",0,0.11957440308904926
109315,STAD-MOV-109315,A Mulher Invisível,0,0.1157192191804945
109392,STAD-MOV-109392,Blind Massage (Tui na),0,0.026619766318387802
109425,STAD-MOV-109425,Dug's Special Mission,0,0.2602371862490257
109430,STAD-MOV-109430,Happy End,0,0.06430996225642027
109565,STAD-MOV-109565,Väreitä,0,0.03540250809817989
109667,STAD-MOV-109667,Great Freedom No. 7 (Port of Freedom) (Große Freiheit Nr. 7),0,0.29254536819081545
109671,STAD-MOV-109671,Shinobi No Mono 3: Resurrection (Shin shinobi no mono),0,0.13982593450432051
109728,STAD-MOV-109728,Kai Po Che!,0,0.03700506032798104
109767,STAD-MOV-109767,Toomorrow,0,0.3079281688325781
109779,STAD-MOV-109779,Choppertown: The Sinners,0,0.1925810111207922
109812,STAD-MOV-109812,Romance in a Minor Key (Romanze in Moll),0,0.06554426136279792
109858,STAD-MOV-109858,Entre ses mains,0,0.26947824700161543
109925,STAD-MOV-109925,"It Is Written in the Stars, Inspector Palmu (Tähdet kertovat, komisario Palmu)",0,0.23813307806923917
109939,STAD-MOV-109939,Sniper: Reloaded (2011),0,0.24750165997015566
110090,STAD-MOV-110090,Bloodfist,0,0.1818791257462102
110269,STAD-MOV-110269,My Way Home (Így jöttem) (1965),0,0.07169125127256734
110293,STAD-MOV-110293,Table 7,0,0.047563914741457755
110312,STAD-MOV-110312,Bobcat Goldthwait: You Don't Look the Same Either,0,0.06588168560552833
110324,STAD-MOV-110324,"Missing Picture, The (L'image manquante)",0,0.01129659013215481
110350,STAD-MOV-110350,Free to Play,0,0.008918817954210522
110368,STAD-MOV-110368,Barabbas,0,0.22688801928191846
110501,STAD-MOV-110501,The Raid 2: Berandal,1,0.24321188870280028
110633,STAD-MOV-110633,Arsène Lupin,0,0.033258971565921225
110686,STAD-MOV-110686,Breaking Point,0,0.4490338917924512
110763,STAD-MOV-110763,Made for Each Other,0,0.12231564636996692
110798,STAD-MOV-110798,Ikigami,0,0.38347056525563067
110892,STAD-MOV-110892,Mortified Nation,0,0.031404456937400425
111144,STAD-MOV-111144,Alpha and Omega 2: A Howl-iday Adventure (Alpha & Omega 2),0,0.4207348138334106
111259,STAD-MOV-111259,Good People,0,0.0445010444173354
111517,STAD-MOV-111517,10.000 Km (Long Distance),0,0.04387328560106567
111519,STAD-MOV-111519,Johnny Express,0,0.028285903735476268
111601,STAD-MOV-111601,Die Fischerin,0,0.026619766318387802
111614,STAD-MOV-111614,El chocolate del loro,0,0.2785421301507764
111659,STAD-MOV-111659,Maleficent,1,0.6104668224514929
111716,STAD-MOV-111716,Backfire,0,0.12792342370211512
111961,STAD-MOV-111961,Cinderella,0,0.51036062811987
112062,STAD-MOV-112062,Camille Claudel 1915,0,0.03700506032798104
112138,STAD-MOV-112138,22 Jump Street,1,0.13276550685400193
112281,STAD-MOV-112281,I Do,0,0.04545743569612056
112406,STAD-MOV-112406,Brazil: In the Shadow of the Stadiums,0,0.006245486519176163
112444,STAD-MOV-112444,Wild Beasts (Wild beasts - Belve feroci),0,0.3544158711179073
112458,STAD-MOV-112458,"Son-Daughter, The",0,0.034485855056303055
112577,STAD-MOV-112577,Willie & Phil,0,0.40526487188727905
112672,STAD-MOV-112672,Bullet for a Badman (Renegade Posse),0,0.05884007837713674
112764,STAD-MOV-112764,"Last Taboo, The",0,0.003380040467651364
112800,STAD-MOV-112800,Ride Beyond Vengeance,0,0.059623462738370395
112959,STAD-MOV-112959,Go for Sisters,0,0.05109370345661578
113122,STAD-MOV-113122,"Girl Who Talked to Dolphins, The",0,0.002797710468658333
113457,STAD-MOV-113457,Can I Do It 'Till I Need Glasses?,0,0.19494453890694743
113507,STAD-MOV-113507,"Wise Guys, The (Les grandes gueules)",0,0.12972392355812776
113567,STAD-MOV-113567,Make Your Move,0,0.012653647510333599
113816,STAD-MOV-113816,Never Make It Home,0,0.014283839830733561
113906,STAD-MOV-113906,"Beast Must Die, The",0,0.1345030656629492
114007,STAD-MOV-114007,Before I Go to Sleep,0,0.02583670165503044
114011,STAD-MOV-114011,"New Rulers of the World, The",0,0.07464305165140009
114017,STAD-MOV-114017,Career,0,0.21864866426544619
114028,STAD-MOV-114028,Pride,0,0.041448622281948934
114072,STAD-MOV-114072,Cheech and Chong's Animated Movie,0,0.027264743687740844
114074,STAD-MOV-114074,"Skeleton Twins, The",0,0.026619766318387802
114124,STAD-MOV-114124,Newsfront,0,0.258024739372262
114182,STAD-MOV-114182,No Good Deed,0,0.03599302032592351
114193,STAD-MOV-114193,Hollywood and The Pentagon: A Dangerous Liaison,0,0.027788795611105494
114252,STAD-MOV-114252,Thomasine & Bushrod,0,0.2257017719957632
114378,STAD-MOV-114378,CBGB,0,0.03700506032798104
114392,STAD-MOV-114392,"Homesman, The",0,0.0227832284951292
114489,STAD-MOV-114489,"Occupants, The",0,0.03599302032592351
114696,STAD-MOV-114696,Hollywood or Bust,0,0.17911691489560236
114766,STAD-MOV-114766,SS Experiment Love Camp (Lager SSadis Kastrat Kommandantur),0,0.09609411933379983
114883,STAD-MOV-114883,Gold of Rome (L'oro di Roma),0,0.2181288741420071
114906,STAD-MOV-114906,"Magic of Ordinary Days, The",0,0.13814815414184256
115119,STAD-MOV-115119,Rabbit,0,0.12245541823578383
115203,STAD-MOV-115203,"Culture High, The",0,0.008918817954210522
115256,STAD-MOV-115256,Charlie Chan in City in Darkness,0,0.18823032090560454
115475,STAD-MOV-115475,Blackbird,0,0.04545743569612056
115604,STAD-MOV-115604,"Chorus, The (Hamsarayan)",0,0.26855347686012415
115653,STAD-MOV-115653,Blue Denim,0,0.21864866426544619
115676,STAD-MOV-115676,Hard Sun,0,0.04387328560106567
115772,STAD-MOV-115772,Crimes Against Humanity,0,0.021166651494057203
115923,STAD-MOV-115923,Seal Team Eight: Behind Enemy Lines,0,0.10190882649384889
115955,STAD-MOV-115955,Category 7: The End of the World,0,0.0680577526609763
116008,STAD-MOV-116008,Everything Will Be Fine,0,0.29425736190757185
116098,STAD-MOV-116098,Passeio com Johnny Guitar,0,0.06696747132391792
116485,STAD-MOV-116485,The Skinny,0,0.11884173833216309
116770,STAD-MOV-116770,Last Passenger,0,0.2847803089941429
116835,STAD-MOV-116835,Samson & Sally,0,0.3204238529644738
116861,STAD-MOV-116861,The Gilded Cage,0,0.027490500813859075
116905,STAD-MOV-116905,Patema Inverted,0,0.3401387826882064
116915,STAD-MOV-116915,Arcana,0,0.12107691677121338
116957,STAD-MOV-116957,The Reunion,0,0.03700506032798104
117129,STAD-MOV-117129,Alucarda,0,0.22073194340417993
117424,STAD-MOV-117424,Nothing But the Night,0,0.3013338408413502
117442,STAD-MOV-117442,The Monkey King,0,0.6104668224514929
117478,STAD-MOV-117478,Pressed,0,0.40278059274839145
117572,STAD-MOV-117572,Hit by Lightning,0,0.03025928449979208
117588,STAD-MOV-117588,The 39 Steps,0,0.22738998191817483
117630,STAD-MOV-117630,Double Trouble,0,0.5219383490885968
117640,STAD-MOV-117640,Dr. Gillespie's New Assistant,0,0.13755523787718285
117690,STAD-MOV-117690,Enchantment,0,0.08175290241714533
117875,STAD-MOV-117875,Just a Sigh,0,0.05459851852174483
117877,STAD-MOV-117877,The Rabbi's Cat (Le chat du rabbin),0,0.11648764451873322
117979,STAD-MOV-117979,Blackmailed,0,0.25161103632705717
118008,STAD-MOV-118008,An Alligator Named Daisy,0,0.29008345724070667
118198,STAD-MOV-118198,The Green Prince,0,0.028940363243931604
118462,STAD-MOV-118462,Grant Morrison: Talking with Gods,0,0.01427179214721467
118568,STAD-MOV-118568,The Flower in His Mouth,0,0.302485532028043
118734,STAD-MOV-118734,Zorro,0,0.3341906403143135
118784,STAD-MOV-118784,Good Copy Bad Copy,0,0.036478523853997545
118816,STAD-MOV-118816,Public Sex,0,0.20221558341366103
118856,STAD-MOV-118856,Paris by Night,0,0.10736805013625045
118864,STAD-MOV-118864,A Husband of Round Trip,0,0.1735613612600257
118882,STAD-MOV-118882,1981,0,0.2816853541951766
118920,STAD-MOV-118920,Butterfly Girl,0,0.008918817954210522
118924,STAD-MOV-118924,Top Five,0,0.021166651494057203
119190,STAD-MOV-119190,Walking on Sunshine,0,0.014173082655128042
119196,STAD-MOV-119196,Heartbeat,0,0.0773866874457742
119210,STAD-MOV-119210,How Hitler Lost the War,0,0.12583250119925482
119218,STAD-MOV-119218,The Punisher: Dirty Laundry,0,0.05725645866489147
119615,STAD-MOV-119615,Even Angels Eat Beans,0,0.1752377166262578
119645,STAD-MOV-119645,Falling Awake,0,0.21132010025877207
119691,STAD-MOV-119691,Alice in Murderland,0,0.08774480130991556
119820,STAD-MOV-119820,Silent Action,0,0.17136505906892135
120076,STAD-MOV-120076,Fame High,0,0.014002935418073367
120128,STAD-MOV-120128,Everything I Can See From Here,0,0.2604790634621986
120146,STAD-MOV-120146,Boats,0,0.027490500813859075
120476,STAD-MOV-120476,Implanted,0,0.19594482410521077
120623,STAD-MOV-120623,3 Simoa,0,0.06588168560552833
120631,STAD-MOV-120631,Out of the Clear Blue Sky,0,0.014002935418073367
120781,STAD-MOV-120781,Nocturna,0,0.6221144721573784
120793,STAD-MOV-120793,The Vixen,0,0.11437383315007887
120809,STAD-MOV-120809,Come Dance with Me!,0,0.18133166039628693
120885,STAD-MOV-120885,Me and My Sister,0,0.3983125385600253
120907,STAD-MOV-120907,Love is Eternal While It Lasts,0,0.3701546808204762
120913,STAD-MOV-120913,"Big, Large and Verdone",0,0.1820026940459522
121171,STAD-MOV-121171,Red Army,0,0.008918817954210522
121407,STAD-MOV-121407,Child of Rage,0,0.5281726971945158
121545,STAD-MOV-121545,Lisztomania,0,0.2680908326689466
121600,STAD-MOV-121600,Bosko's Parlor Pranks,0,0.010588170255189051
121973,STAD-MOV-121973,Jungle Man-Eaters,0,0.07179909606850626
122199,STAD-MOV-122199,The Feathered Serpent,0,0.208738764897752
122210,STAD-MOV-122210,Jim Norton: Please Be Offended,0,0.06588168560552833
122292,STAD-MOV-122292,Merlin's Apprentice,0,0.06862902051585293
122371,STAD-MOV-122371,Let the Good Times Roll,0,0.08851835511109471
122623,STAD-MOV-122623,Oliver Twist,0,0.36645335326975104
122807,STAD-MOV-122807,Just 4 Kicks,0,0.236255475280533
122942,STAD-MOV-122942,The Identical,0,0.026619766318387802
123172,STAD-MOV-123172,Winter Break,0,0.36152204430686574
123419,STAD-MOV-123419,Private Detective 62,0,0.03544739747943351
123579,STAD-MOV-123579,That Certain Woman,0,0.06135094276958596
123600,STAD-MOV-123600,Tribes,0,0.15209151027099635
123609,STAD-MOV-123609,Goldengirl,0,0.07471786243095678
123655,STAD-MOV-123655,Sybil,0,0.08696766386701019
124298,STAD-MOV-124298,Hider in the House,0,0.4873998561562491
124358,STAD-MOV-124358,The Lone Wolf Spy Hunt,0,0.02105890054681423
124851,STAD-MOV-124851,Delirium,0,0.2534009738297033
124861,STAD-MOV-124861,Dinosaur 13,0,0.0594049652679281
125079,STAD-MOV-125079,Sittin' on a Backyard Fence,0,0.008327484778311384
125481,STAD-MOV-125481,In Cold Blood,0,0.05744754431519328
125531,STAD-MOV-125531,Fun on a Weekend,0,0.06015624550580277
125545,STAD-MOV-125545,The Divine Move,0,0.09968724132955802
125878,STAD-MOV-125878,Isi & Disi: Amor a lo bestia,0,0.04972785916140619
125952,STAD-MOV-125952,"I Want a Dog for Christmas, Charlie Brown",0,0.4630750146491836
125970,STAD-MOV-125970,Halloweentown,0,0.6860721965356734
125990,STAD-MOV-125990,Apple Jack,0,0.36152204430686574
126008,STAD-MOV-126008,Signs,0,0.11447524891602798
126060,STAD-MOV-126060,Suur Tõll,0,0.07544661059839473
126080,STAD-MOV-126080,"Hen, his wife",0,0.052705266889642916
126130,STAD-MOV-126130,Special Delivery,0,0.04338635987071858
126144,STAD-MOV-126144,Human Touch,0,0.13814815414184256
126166,STAD-MOV-126166,Lightspeed,0,0.3403274279046901
126405,STAD-MOV-126405,The Adventures of André and Wally B.,0,0.06533377156847099
126591,STAD-MOV-126591,The Humanoid,0,0.15905528883797673
126733,STAD-MOV-126733,Help! I'm A Fish,0,0.34990871337469454
126773,STAD-MOV-126773,Story of My Death,0,0.03700506032798104
126935,STAD-MOV-126935,Garlic Is As Good As Ten Mothers,0,0.07544661059839473
127007,STAD-MOV-127007,The Shoe,0,0.0296952769911678
127015,STAD-MOV-127015,The Man Who Lived Again,0,0.15025192107455626
127130,STAD-MOV-127130,Mistress America,0,0.021166651494057203
127132,STAD-MOV-127132,Zipper,0,0.0445010444173354
127160,STAD-MOV-127160,In Football We Trust,0,0.008918817954210522
127162,STAD-MOV-127162,Most Likely to Succeed,0,0.017445923997195644
127194,STAD-MOV-127194,The D Train,0,0.021166651494057203
127198,STAD-MOV-127198,Dope,0,0.041448622281948934
127242,STAD-MOV-127242,Dangerous Liaisons,0,0.05213563548699858
127319,STAD-MOV-127319,The Loft,0,0.03599302032592351
127433,STAD-MOV-127433,High School Hellcats,0,0.16495449399197593
127567,STAD-MOV-127567,Landscape Suicide,0,0.4605463015685964
127640,STAD-MOV-127640,I Start Counting,0,0.28006579520854996
127654,STAD-MOV-127654,Relationship Status: It's Complicated,0,0.029136545649597816
127669,STAD-MOV-127669,Guendalina,0,0.11541229080302963
127728,STAD-MOV-127728,Back Soon,0,0.23003272653043064
128445,STAD-MOV-128445,"Legend of Lizzie Borden, The",0,0.18633065552098083
128447,STAD-MOV-128447,Little Accidents,0,0.026619766318387802
128530,STAD-MOV-128530,Marilyn: The Untold Story,0,0.17768016667165012
128550,STAD-MOV-128550,SOS - en segelsällskapsresa,0,0.3775491894810988
128572,STAD-MOV-128572,Nils Karlsson Pyssling,0,0.09973674606165292
128618,STAD-MOV-128618,Cloud 9,0,0.21889182253083878
128717,STAD-MOV-128717,One Last Hug,0,0.008918817954210522
128836,STAD-MOV-128836,The Ghosts in Our Machine,0,0.01129659013215481
128968,STAD-MOV-128968,Stitch! The Movie,0,0.4630750146491836
128985,STAD-MOV-128985,The Stone Council,0,0.6215997850319968
129017,STAD-MOV-129017,The Man in the Orange Jacket,0,0.010977652514903407
129415,STAD-MOV-129415,The Magic Flute,0,0.20150690304391958
129430,STAD-MOV-129430,Murder on Monday,0,0.11876015052625996
129640,STAD-MOV-129640,66 Scenes From America,0,0.13737822497281846
129657,STAD-MOV-129657,Tracers,0,0.1736837400809724
129786,STAD-MOV-129786,Dhobi Ghat,0,0.06430996225642027
129826,STAD-MOV-129826,LEGO DC Comics Super Heroes: Justice League vs. Bizarro League,0,0.2528757723271035
130062,STAD-MOV-130062,Darling,0,0.1259473600183017
130338,STAD-MOV-130338,Silent Sonata,0,0.170936610939205
130390,STAD-MOV-130390,Contract Killers,0,0.49600165041316974
130424,STAD-MOV-130424,The Crown Jewels,0,0.16390187517364074
130458,STAD-MOV-130458,The Pentagon Papers,0,0.41032103380473284
130476,STAD-MOV-130476,The Concert for Bangladesh,0,0.0747141078508729
130644,STAD-MOV-130644,The Garden of Sinners - Chapter 5: Paradox Paradigm,0,0.034218180872444846
130656,STAD-MOV-130656,The 21 Carat Snatch,0,0.12361208116177709
131076,STAD-MOV-131076,Süperseks,0,0.2785421301507764
131120,STAD-MOV-131120,Superstar Goofy,0,0.4410626068136044
131122,STAD-MOV-131122,Love Exposure,0,0.15336458154703506
